claim_id,claim,paper_source,evidence,evidence_kind,boundary
C01,Mode-4 candidate relation and typed boundary,paper/sections/03-mode4.tex,artifact/src/tidemark/core.py; artifact/src/tidemark/reference.py; artifact/tests/test_mode4_boundaries.py; artifact/tests/test_review_regressions.py,Formal definition plus finite regression checks,"Identity suppresses operand at the same command, not independently legal adjacent candidates."
C02,"Abstract local laws, replay and extraction",paper/sections/04-metatheory.tex,paper/sections/02-language.tex; paper/sections/03-mode4.tex,Mathematical argument under explicit assumptions,Not an extracted verified Python checker or current Coq compilation.
C03,Quota corpus totals,paper/sections/06-evaluation.tex,artifact/data/raw/mode4/program-results.csv; artifact/data/derived/evaluation-summary-mode4.json,Deterministic constructed outputs,"Family capacities and total bindings are quota inputs, not population estimates."
C04,Program and local comparisons,paper/sections/06-evaluation.tex,artifact/data/raw/mode4/full-executions.csv; artifact/data/raw/mode4/local-carrier-checks.csv,Finite executable agreement,Eight input/store cases do not characterize all integer environments.
C05,Reference implementation,paper/sections/05-realization.tex,artifact/src/tidemark/reference.py; artifact/audit/current/unit-tests.log,"Separate code, finite conformance",No independent author/team review claimed.
C06,Structural-record checks,paper/sections/05-realization.tex,artifact/src/tidemark/structural.py; artifact/data/raw/mode4/derivations.jsonl; artifact/data/raw/mode4/derivation-mutations.jsonl,Reference-dependent trace consistency,"28,910 serialized field values per producer, not independent premises."
C07,Timing and capacity grouping,paper/sections/06-evaluation.tex,artifact/data/raw/mode4/program-results.csv; artifact/data/derived/timing-summary-mode4.json; paper/data-macros.json,Measured raw rows and recomputed statistics,Timing and RSS are environment/run dependent.
C08,Ablations,paper/sections/06-evaluation.tex,artifact/data/raw/mode4/carrier-ablation.csv; artifact/data/derived/carrier-ablation-mode4.json; paper/tables/carrier-ablation-rows.tex,Recomputed seven library subsets and certificate byte comparison,No historical missing rows reconstructed from totals.
C09,Finite frame and interval audits,paper/sections/05-realization.tex,artifact/data/raw/mode4/frame-audit.csv; artifact/data/raw/mode4/interval-audit.csv,Exhaustive stated finite universes,Not unbounded implementation verification.
C10,External LLVM projection,paper/sections/06-evaluation.tex,artifact/src/tidemark/external_llvm.py; artifact/data/derived/llvm-projection-mode4.json; artifact/data/raw/mode4/llvm-projection.csv,Fixed compiler/source-stage projection,"No LLVM semantic certification, persistence, or security claim."
C11,Reference use,paper/sections/07-related.tex,paper/references.bib; artifact/reference/citation-support.csv; artifact/reference/reference-review.md,75-entry local bibliographic and citation review,No universal research-correctness or permanent availability guarantee.
C12,Editable source/PDF correspondence,paper/main.tex,paper/build.sh; artifact/audit/current/clean-build.json,Clean reconstruction and byte/render comparison,36 pages; earlier exact-48-page goal is not fulfilled.
