metric,value,source_file,source_key,source_sha256
programs,400,Artifacts/data/derived/evaluation-summary-mode4.json,programs,4a1f90ea827958a6107833c3a0b1b43e8c895048efa8883ccfbb275a546fe466
bindings,13464,Artifacts/data/derived/evaluation-summary-mode4.json,bindings,4a1f90ea827958a6107833c3a0b1b43e8c895048efa8883ccfbb275a546fe466
selected,5782,Artifacts/data/derived/evaluation-summary-mode4.json,selected,4a1f90ea827958a6107833c3a0b1b43e8c895048efa8883ccfbb275a546fe466
header_bits,1321,Artifacts/data/derived/evaluation-summary-mode4.json,header_bits,4a1f90ea827958a6107833c3a0b1b43e8c895048efa8883ccfbb275a546fe466
payload_bits,4461,Artifacts/data/derived/evaluation-summary-mode4.json,payload_bits,4a1f90ea827958a6107833c3a0b1b43e8c895048efa8883ccfbb275a546fe466
full_executions,3200,Artifacts/data/derived/evaluation-summary-mode4.json,full_executions,4a1f90ea827958a6107833c3a0b1b43e8c895048efa8883ccfbb275a546fe466
reference_evaluator_pairs,3200,Artifacts/data/derived/evaluation-summary-mode4.json,reference_evaluator_pairs,4a1f90ea827958a6107833c3a0b1b43e8c895048efa8883ccfbb275a546fe466
reference_evaluator_calls,6400,Artifacts/data/derived/evaluation-summary-mode4.json,reference_evaluator_calls,4a1f90ea827958a6107833c3a0b1b43e8c895048efa8883ccfbb275a546fe466
local_carrier_cases,46256,Artifacts/data/derived/evaluation-summary-mode4.json,local_carrier_cases,4a1f90ea827958a6107833c3a0b1b43e8c895048efa8883ccfbb275a546fe466
certificate_mutations,2000,Artifacts/data/derived/evaluation-summary-mode4.json,certificate_mutations,4a1f90ea827958a6107833c3a0b1b43e8c895048efa8883ccfbb275a546fe466
proof_mutations,3280,Artifacts/data/derived/evaluation-summary-mode4.json,proof_mutations,4a1f90ea827958a6107833c3a0b1b43e8c895048efa8883ccfbb275a546fe466
derivation_mutations_not_applicable,720,Artifacts/data/derived/evaluation-summary-mode4.json,derivation_mutations_not_applicable,4a1f90ea827958a6107833c3a0b1b43e8c895048efa8883ccfbb275a546fe466
derivations,800,Artifacts/data/derived/evaluation-summary-mode4.json,derivations,4a1f90ea827958a6107833c3a0b1b43e8c895048efa8883ccfbb275a546fe466
interval_instances,65536,Artifacts/data/derived/evaluation-summary-mode4.json,interval_instances,4a1f90ea827958a6107833c3a0b1b43e8c895048efa8883ccfbb275a546fe466
frame_vectors,131071,Artifacts/data/derived/evaluation-summary-mode4.json,frame_vectors,4a1f90ea827958a6107833c3a0b1b43e8c895048efa8883ccfbb275a546fe466
legal_frames,12309,Artifacts/data/derived/evaluation-summary-mode4.json,legal_frames,4a1f90ea827958a6107833c3a0b1b43e8c895048efa8883ccfbb275a546fe466
source_bytes,845239,Artifacts/data/derived/evaluation-summary-mode4.json,source_bytes,4a1f90ea827958a6107833c3a0b1b43e8c895048efa8883ccfbb275a546fe466
target_bytes,844903,Artifacts/data/derived/evaluation-summary-mode4.json,target_bytes,4a1f90ea827958a6107833c3a0b1b43e8c895048efa8883ccfbb275a546fe466
certificate_bytes,112461,Artifacts/data/derived/evaluation-summary-mode4.json,certificate_bytes,4a1f90ea827958a6107833c3a0b1b43e8c895048efa8883ccfbb275a546fe466
peak_rss_kb,98728,Artifacts/data/derived/evaluation-summary-mode4.json,peak_rss_kb,4a1f90ea827958a6107833c3a0b1b43e8c895048efa8883ccfbb275a546fe466
total_cases,7303,Artifacts/data/derived/finite-algebra-mode4.json,total_cases,44b73fd96a735d476ae56575cfc7bdfa78f929fbd26d24d46345b6512183f34a
countermodels_found,4,Artifacts/data/derived/finite-algebra-mode4.json,countermodels_found,44b73fd96a735d476ae56575cfc7bdfa78f929fbd26d24d46345b6512183f34a
O0.successful_modules,78,Artifacts/data/derived/llvm-projection-mode4.json,stages.O0.successful_modules,932dc9e48f650ec4dd78f10fc7055c032dcac2389f0eb5fb3bd186731bcfe6f5
O0.payload_bits,40,Artifacts/data/derived/llvm-projection-mode4.json,stages.O0.payload_bits,932dc9e48f650ec4dd78f10fc7055c032dcac2389f0eb5fb3bd186731bcfe6f5
O0.adjacent_only_payload_bits,2,Artifacts/data/derived/llvm-projection-mode4.json,stages.O0.adjacent_only_payload_bits,932dc9e48f650ec4dd78f10fc7055c032dcac2389f0eb5fb3bd186731bcfe6f5
O1.successful_modules,78,Artifacts/data/derived/llvm-projection-mode4.json,stages.O1.successful_modules,932dc9e48f650ec4dd78f10fc7055c032dcac2389f0eb5fb3bd186731bcfe6f5
O1.payload_bits,89,Artifacts/data/derived/llvm-projection-mode4.json,stages.O1.payload_bits,932dc9e48f650ec4dd78f10fc7055c032dcac2389f0eb5fb3bd186731bcfe6f5
O1.adjacent_only_payload_bits,18,Artifacts/data/derived/llvm-projection-mode4.json,stages.O1.adjacent_only_payload_bits,932dc9e48f650ec4dd78f10fc7055c032dcac2389f0eb5fb3bd186731bcfe6f5
O2.successful_modules,78,Artifacts/data/derived/llvm-projection-mode4.json,stages.O2.successful_modules,932dc9e48f650ec4dd78f10fc7055c032dcac2389f0eb5fb3bd186731bcfe6f5
O2.payload_bits,99,Artifacts/data/derived/llvm-projection-mode4.json,stages.O2.payload_bits,932dc9e48f650ec4dd78f10fc7055c032dcac2389f0eb5fb3bd186731bcfe6f5
O2.adjacent_only_payload_bits,22,Artifacts/data/derived/llvm-projection-mode4.json,stages.O2.adjacent_only_payload_bits,932dc9e48f650ec4dd78f10fc7055c032dcac2389f0eb5fb3bd186731bcfe6f5
