path,bytes,sha256
cmd/cgo/internal/swig/testdata/callback/main.cc,384,e2d363d200d58799719220bdbe5a6e57167856e642d1d760d570e00a0cc50145
cmd/cgo/internal/swig/testdata/callback/main.h,529,02d8bcd98cb18035d44f92068f60d3ffac24c8fccbab46a0fb9a18b1b3721896
cmd/cgo/internal/test/callback_c.c,933,da21848be7c278361da5950a744f2c017613ed7fc9f7431fcadefb153dbd51be
cmd/cgo/internal/test/callback_c_gc.c,592,73bc4f0d0d1d02a733e396653a8d9b454c1a558c653e665b21c5995bea6dcb3c
cmd/cgo/internal/test/callback_c_gccgo.c,452,76708995e54ad240ccc4e141dccee57e9cf14314e19226e214fa6e1241de26d3
cmd/cgo/internal/test/cthread_unix.c,1044,757c636d44a32ebca6548920ab3387948aff7d3a5a390e7988542f7b143cc2fa
cmd/cgo/internal/test/cthread_windows.c,1116,719973d6b86b03200c19f97beb22d5716ccdcc74d9cd80aea00d5f41e3282043
cmd/cgo/internal/test/gcc68255/c.c,206,834ce8274078cec1957739cb0ae831da1aee1564cdd395b8986464e812d4ee47
cmd/cgo/internal/test/gcc68255/c.h,184,88f47618ca2e75a70facddeec3152bd28edbe136b0c8a6586d730e4972873bf1
cmd/cgo/internal/test/issue20266/issue20266.h,251,7b36a9214d470de0005ee368865b0d19c072519ecf79b7549f1b29781b7546b6
cmd/cgo/internal/test/issue20910.c,459,a153c65e3030d3705cb0d3e9490760651a77f7c0c3aae8a9cd9a66b931183eb3
cmd/cgo/internal/test/issue26213/jni.h,874,9f24bc01876bca64f0375cebcd1843063b8179bdf0ba82e11bba4ee8919d098f
cmd/cgo/internal/test/issue27054/egl.h,255,899ad036ce736dd49457d3b974cf35c57163c9a17d9dd9ca6419ca57ea80ae5c
cmd/cgo/internal/test/issue29563/weak1.c,257,b70a760e9c65019c91bd3c1fa371f3fd6d8037e02dc660458307d4c44490dc62
cmd/cgo/internal/test/issue29563/weak2.c,257,d475993c9af967184a657d446d3a535e700d3ef47638fb3d608e44b4747534b1
cmd/cgo/internal/test/issue31891.c,299,76646788071c55cb2a557cfdb1fe41867f4e562f932ad930546a4ee78513ff2e
cmd/cgo/internal/test/issue4029.c,781,52a8e36e8031bf413a14ccd7dd213d5168bd1060acbceec571ca53858d26d67a
cmd/cgo/internal/test/issue4273.c,320,eef40c626200af0b2eb8b88fdd61d9e3e85ec188b1b3d88393bed652f6502a10
cmd/cgo/internal/test/issue4273b.c,374,3973c73bb790d5d6fe9c3b4bec761a261f3c5ac2e507d38e525d3e7116baef79
cmd/cgo/internal/test/issue4339.c,382,0432ac6e93a492a9945f0d02d18294952c677114dffead4ba56f118044a0d2fa
cmd/cgo/internal/test/issue4339.h,313,5df9abb3a4adab441d6edb90f26376a0da58a005044affe56f37ac5e127767d9
cmd/cgo/internal/test/issue5548_c.c,454,9b325a5ac52cc6fda4ed3408d416bab9a2b2dbb705d550cf44ed5434c03971d0
cmd/cgo/internal/test/issue5740a.c,223,f327d49b261072853b59dfcadd53739454343d1170383227124ddedf3abb738c
cmd/cgo/internal/test/issue5740b.c,223,5ad9fc95c13669b36287a4a84703cac80578d94376afe36a53cb44159f56e43b
cmd/cgo/internal/test/issue6833_c.c,303,544191df76d07519efa9d9e22e7cf08e5fe4d9515233d913711ad7d2cff4a3dc
cmd/cgo/internal/test/issue6907export_c.c,274,bc9e34d578a942b95741083f650e345c033063062c8cca21889c31eef0bee243
cmd/cgo/internal/test/issue6997_linux.c,536,80d2eaef99fa57027ef45986c665a6f5fe8d2ffb3f989dc07fbb2e0f9c8e6aad
cmd/cgo/internal/test/issue8148.c,256,ba5162fa8dec3c6a33954a7990507a0aa31c50a24cf85b28acfb8545c5ba0887
cmd/cgo/internal/test/issue8331.h,198,c6fac8e83bca8ce7da9cec945eeaf1bc844e6c86dcf1016796d5dc489da742c4
cmd/cgo/internal/test/issue8517_windows.c,517,7cc710364db9093bd65435150ec5202325364ccd9b3f8beec65cd537f00ca6d8
cmd/cgo/internal/test/issue8811.c,216,6d646ab6ccc5a90bf67181182476d8d6b326fd842e1636a25b62c55fc6899739
cmd/cgo/internal/test/issue8828/issue8828.c,175,313d1f40ab089b10cc30a61a184231d621964530808a0abb840bd85ce83c2ea9
cmd/cgo/internal/test/sigprocmask.c,1039,cab0df2f4c7788edb76e7df485c5f7fcbcfaf46c4ee472081bf22bc70386bf06
cmd/cgo/internal/test/testx.c,582,2bccdb31d3255d3bfd2a2b73b1f4c5b96e0157d3908cb662a21fbdb9413c0daf
cmd/cgo/internal/testcarchive/testdata/main.c,847,3b32e5b46795d4b58ed16fa105c20154f7d100934fe675983227295e1ff76803
cmd/cgo/internal/testcarchive/testdata/main2.c,4806,a56a4f75bc673838f83720b3437d691a7f56640476e8bd70638154f49aedf342
cmd/cgo/internal/testcarchive/testdata/main3.c,4017,8bccc8ca20ce47072813a3a4e5d388ab819b573ef7f163e553653b6bdaaed740
cmd/cgo/internal/testcarchive/testdata/main4.c,4584,fac79c3485e011c15af7b96536730a3b346fd81cda5ddef0236d46c3764d0850
cmd/cgo/internal/testcarchive/testdata/main5.c,2021,c2e39608ab193b9a5d431d8ba7b5c65110dbf777989ab1776574fa82b5be4c83
cmd/cgo/internal/testcarchive/testdata/main6.c,830,6f2e6211a390c4c2f8f36ad00e73c2860270a2d23c93b2d6e4b26066bd23c89e
cmd/cgo/internal/testcarchive/testdata/main7.c,332,e02fbc5a50769b2c6033df48f3ce27e3e3dc61cd9ea720f97a52cd7e4cd71f99
cmd/cgo/internal/testcarchive/testdata/main8.c,306,aafc031898bffa89a0b949fba8fb8f5ffc598c4354fdd11f2b30ff9ad145be70
cmd/cgo/internal/testcarchive/testdata/main9.c,460,855c1016eca1fdcbdd0e4d0c80bd951ddd00ced04b079ab20b280162d83572a6
cmd/cgo/internal/testcarchive/testdata/main_unix.c,1413,f395747eb1c5b5542780762509eba7f8b0ec9337f6fcb51c86554ce58de2a309
cmd/cgo/internal/testcarchive/testdata/main_windows.c,343,2387c790993b76bd9ce08a168aa57fb69af0e1886e391e6b993279790bf55d46
cmd/cgo/internal/testcshared/testdata/go2c2go/m1/c.c,238,674729c5786cec0a5a99544db5600bf5c64493384b9a91e79707b6eb7b7abf26
cmd/cgo/internal/testcshared/testdata/main0.c,1156,777d7732677397a74be5b7c1e52312bdc66f5ee17c548f86c4fba1a9b172a458
cmd/cgo/internal/testcshared/testdata/main1.c,1721,1b0132f1155bb074662fd0c9f52f84c36157a67a08d6f800c7abdc2d6f078aa6
cmd/cgo/internal/testcshared/testdata/main2.c,1250,2dec374d03cd80e8ea4a63ffd2b8ea5ada629fddb4d95219ec90a249d029f034
cmd/cgo/internal/testcshared/testdata/main3.c,785,e707a3c469a84a84aa47484cf8c744a131dbefdc8838b34970ddb9bdef486493
cmd/cgo/internal/testcshared/testdata/main4.c,4331,369ceb8cfb485d221d175bd7fd8714b3a10e8f6208095147f8d2abd077288651
cmd/cgo/internal/testcshared/testdata/main5.c,3890,de266b82d02c0132a4c0b1e9271048067f922c74dc6611798070ab19f055af22
cmd/cgo/internal/testlife/testdata/c-life.c,1460,3dcc40028f8da5351501969e683841e90e3ef3da8b5fe5b796da5f6ace16b3d3
cmd/cgo/internal/testlife/testdata/life.h,292,18d289f381faa38182c5b53713e01683efb94856a130ad168afc713593921609
cmd/cgo/internal/testplugin/testdata/issue25756/plugin/c-life.c,1460,3dcc40028f8da5351501969e683841e90e3ef3da8b5fe5b796da5f6ace16b3d3
cmd/cgo/internal/testplugin/testdata/issue25756/plugin/life.h,292,18d289f381faa38182c5b53713e01683efb94856a130ad168afc713593921609
cmd/cgo/internal/testsanitizers/testdata/libfuzzer2.c,240,d4a2b08ff009f4a6e0941250c1deeb5870edc959f8b9974fd119782e5888a469
cmd/cgo/internal/testso/testdata/so/cgoso.c,325,6a0bb54ec6357e09f55acc316a22199519e64b2490101d37f46c06f813c91ce1
cmd/cgo/internal/testso/testdata/so/cgoso_c.c,1213,a9972530d315817659945f6fb9f577df54b249c5eeb4ed3ae623a939b34a3fc3
cmd/cgo/internal/testso/testdata/sovar/cgoso_c.c,221,3c549ed1c54f8548c8a186d93b112e539440fa9066382847c74368a5b6fc54a4
cmd/cgo/internal/testso/testdata/sovar/cgoso_c.h,392,4d691f1b604ea253bed46cf041b9e43cbf674748ef278f8f058283cfc05db164
cmd/cgo/internal/testtls/tls.c,661,3db794c8c6d91569629892b12bf36508f26dea8677ebe128f11aebb1179b52bc
cmd/go/internal/modindex/testdata/ignore_non_source/c.c,0,e3b0c44298fc1c149afbf4c8996fb92427ae41e4649b934ca495991b7852b855
cmd/internal/archive/testdata/mycgo/c1.c,211,9078c201c05e71f391fc4e1a5396435da5c0e085ebcec3b5e1d28cf907f86dc4
cmd/internal/archive/testdata/mycgo/c2.c,211,1025a047bbb01f0a187ef9f1bc8db7cc3096fedbdd4a465df738a7f679cc006b
cmd/link/testdata/testBuildFortvOS/main.m,70,ee01727df300b1818d1afec94886b79d21c6c1ca08f492545e4822f33ad25260
cmd/vendor/golang.org/x/sys/unix/gccgo_c.c,1526,3bea4e48ed46901e180e143da42b8380392f50f5ac428022a64bc31899ec1a81
crypto/internal/boring/div_test.c,1401,4ea5d2571735ff3a6d059a85e1fc9a8941120ed089200eaa0b43dba4167f69a8
crypto/internal/boring/goboringcrypto.h,14422,3348875c194be8f5a8ff0043ff80041be4d82b92d5705c1e49cfcfe24c872ed9
debug/dwarf/testdata/bitfields.c,381,c34b40f82a9692c420099ab26fd7636338d819bb3fb307bb4c2410c5303e588c
debug/dwarf/testdata/cppunsuptypes.cc,667,3dea181673ee7f89b6c21747c861a3884c1099665487d398a23426396897dfa6
debug/dwarf/testdata/cycle.c,103,e8a8759544bca57bf6bc02201e328f7a78ef57462b6024e2473f75b5bed38cc5
debug/dwarf/testdata/line1.c,61,ea53e5c97f37633da2642e70c9444603aa82a3e4e708630ee12292b33f1a62b9
debug/dwarf/testdata/line1.h,83,1c61b931ae405b873b130f8ab8fcd9371a686ac02633e687971b0b49910f632f
debug/dwarf/testdata/line2.c,54,dd373e5fe702ed0a6f1bbd4f89029aaba37c8df99d44e533a622799fedac53df
debug/dwarf/testdata/ranges.c,415,02c38db748eef0b91f934f31a8afe54faa3b8a42993aed121f423a4c19745aa7
debug/dwarf/testdata/rnglistx.c,268,a3a7b467708195bbabd5ea357b056c58d778e8c61437dee18279620f86bfaa4c
debug/dwarf/testdata/split.c,59,bf18d1d7eeaa465f05f8ebfc104558f81a81a0a660151c7d9d85b2fe86a0a5ce
debug/dwarf/testdata/typedef.c,2133,1cf6a516c3427d607c8f399bddba39cf02691efcdb2ee1fda5c171e5829e3d55
debug/elf/testdata/hello.c,85,3f6097ad890b3178b65f12c744a7b629c25d66f1daeb8f1acb82868a34f52672
debug/elf/testdata/multiple-code-sections.c,1152,44fe05930bbcd744ae7f3b884a0cbedd50245f54d10aacefc0c1a4a163b19570
debug/gosym/testdata/pclinetest.h,74,9dc7eed5e1c67df1e5732b0c5b0b6dc4905c3a7ef7aa5591d520b1b31dc57436
debug/macho/testdata/hello.c,77,b56bc30a35b0e984799aac58be0e7c994183bdba43e52a4249896d563fe85449
debug/pe/testdata/hello.c,77,b56bc30a35b0e984799aac58be0e7c994183bdba43e52a4249896d563fe85449
debug/plan9obj/testdata/hello.c,80,f394bd43efc0bda10d7da6e5217baf311bc1240128411b4c7a284a3b1c46ec62
internal/xcoff/testdata/hello.c,85,3f6097ad890b3178b65f12c744a7b629c25d66f1daeb8f1acb82868a34f52672
internal/xcoff/testdata/printbye.c,61,1a67b29c4f21a4e020b1dfa7f920d66e9273322ed6105ac2c1e78f5fda8aaae1
internal/xcoff/testdata/printhello.c,66,500cc3c675849b790f2cac07ada49a2fe23d352dbd03153a500c1d755e82797c
regexp/testdata/testregex.c,52573,0460365072087dab590c01814b56e2ca64c89a576eace2e06482192f1a49dc24
runtime/asm_amd64.h,631,85fc2d5bb80e6db36cef4da5e5c02278d0dcaa6103e5660629b4b713cff15d54
runtime/asm_ppc64x.h,1979,443dd7c93c404f7039a48acdeb7a860ace231b3d2b45daec9ed926e577b7cf61
runtime/cgo/abi_amd64.h,2795,7832f3b0a3d91852a53705f3df6d16d69e1e785cfd1d733ee33229411cd26717
runtime/cgo/abi_arm64.h,1531,ea02dbdbe31f446716c290bbeb5b98f940ab71c1756c5a7da68711ef73e2b3ec
runtime/cgo/abi_loong64.h,1994,febbf02e904bcebc3fa37b968d086722f2fadd6364c21dd65413dee9065bff76
runtime/cgo/abi_ppc64x.h,6709,c805863eed3ec9d923afa76fb1948b6a3206cc55169ac9286537149671122d29
runtime/cgo/gcc_aix_ppc64.c,1284,f778c6e5288146bdc2d5f8f42a958bb707e321086e93b709aa2918e6dbe9945d
runtime/cgo/gcc_android.c,2640,92ee44eaab25fc059fc061c684886fc65e21eb721a774b709d9d8a792b59c05d
runtime/cgo/gcc_context.c,466,5e7e6d031bd63b00fcddc755e2823ef38afcb561587b12e4e45c68bddbfd07fe
runtime/cgo/gcc_darwin_amd64.c,1317,02a6e36e9637f0688b542fcb849bbe3c6b9beff1c282501bab96773ebc48dcff
runtime/cgo/gcc_darwin_arm64.c,3691,fc0eb8132b79caa5d2257481cf0e72f0e98f0169d7e2471ee8d50c111bd05edb
runtime/cgo/gcc_dragonfly_amd64.c,1234,290318e768f5fb42e8a5ff28921a0790df7b6ffe699cbd8ad40f64ae72f19d50
runtime/cgo/gcc_fatalf.c,526,d407340597efac27ac1f308b5cbf11f2381f25cd944e6fd609319054d8c70fd2
runtime/cgo/gcc_freebsd.c,1542,619ac24689adb796158190a68d91dc302e7c1ef342a6d54ec3651a878ac04cfb
runtime/cgo/gcc_freebsd_amd64.c,1549,36bc3570e0e6183b525951076b36001847a5ac6de0e2d011952bf413d3b06f53
runtime/cgo/gcc_freebsd_sigaction.c,2039,dec849e68899c4a2e44f04decec04f1e0149f37df5dab7099e50b69c459b0b04
runtime/cgo/gcc_libinit.c,5888,7b7d658a045e588f0ae4d767c24bd741f4b7a6d05590738280f982231108a2e3
runtime/cgo/gcc_libinit_windows.c,4306,c849c2a54eb96355beb91b4f5d3e7f3e56e1f7b19759fead4b9055b2632f5f7e
runtime/cgo/gcc_linux.c,1438,3534abbbce791d3d952a93b1bdd1de5bca76cab50791a70f42c2d6d459c6070e
runtime/cgo/gcc_linux_amd64.c,2348,c5de05b31c9083060908613c908efc8a5517872a1fabba01540d266661728ec3
runtime/cgo/gcc_linux_arm64.c,2218,a6d84201c5a26fddea3f4c7a910c9392d3f18b5dc6972088b3796c8cd5a1a2b2
runtime/cgo/gcc_linux_s390x.c,1290,f2d1be7642e2d034ee3f32125e9ebcf8e0844ff2e261df2e4e716dcad083ca08
runtime/cgo/gcc_mmap.c,916,d8ece6e6a4385bf0449ab50c51887946e39c49bd6d43b3a5f3757a7546c73c96
runtime/cgo/gcc_netbsd.c,1744,f952d3dd21d40c10f61058bba98945c25626b69359fe549059c05e8ea523c907
runtime/cgo/gcc_openbsd.c,1266,49c546cf4fb24d0206839c9a364a4880b3984962c848ca0ad6f3b2b7044ce5a4
runtime/cgo/gcc_ppc64x.c,1363,7cb635277ef33c54762fcb429cec60d55bd787c0baabbe9a6596adecb9b01ce3
runtime/cgo/gcc_setenv.c,487,120a9a088f87be81a95270eff8dc431fc112a1d1b803c72176c469379eb0f96f
runtime/cgo/gcc_sigaction.c,2132,2feadadb5a4a51c085f661417dc2d9bbf69a90c59b687919dd5fc77a26b81e95
runtime/cgo/gcc_signal2_ios_arm64.c,508,7d3a365437bdf44ed000dbd837ad495f5f254fc2d7230ca98f7d6b5c5ab09a98
runtime/cgo/gcc_signal_ios_arm64.c,6121,4433d89f8471b3809ba8a7450d2926c8265886a343d343965fbe580659ca9052
runtime/cgo/gcc_signal_ios_nolldb.c,312,45b43b2c1b703f46cdf99944a23323ff1bcbc357d555ea3538f525b6b004c12c
runtime/cgo/gcc_solaris_amd64.c,2033,839262a00bcdd98d7f16cd5903108810d48b0fe6c726c86d2598e33c37fb47cc
runtime/cgo/gcc_stack_darwin.c,617,406a0563a17fe501c6bfd5e41841c2d322caa4ab871a5bfe28d61bb36f678ed5
runtime/cgo/gcc_stack_unix.c,1515,7abf64f7312fa88ccb3e17130678747fc21ffc744514c23e900c071d06dabc5d
runtime/cgo/gcc_stack_windows.c,245,9d801831c3beee705cb63081563adfe078f16e93c80c3cf53919a44f4d8e7d06
runtime/cgo/gcc_traceback.c,1561,1a51727ac7da836a98eb4987c897a1e1f7c73922c0de1a74b93add8ec0ddece7
runtime/cgo/gcc_util.c,1894,04d353f36b280597753a7c4a013d4b19b906227775f4ba7b2c54ec297ecfb504
runtime/cgo/gcc_windows_386.c,1150,f148858e61a6312b17d131151a8978faccf71ed5a68d721c7af4c64e8d6c75df
runtime/cgo/gcc_windows_amd64.c,1044,aab420ac071dff89cd7e1f551c310700d33834b4fbcb3cd15ae3d71ab610ad9a
runtime/cgo/gcc_windows_arm64.c,764,5a8259d5bfabb3c6b35d6dc83fb8721f807bc73e0431933ea6cfbd58293d3d87
runtime/cgo/libcgo.h,3605,639358e72aa7eff34d9457854cdb7944e9f45c02d7537b2356424c5657e0c5da
runtime/cgo/libcgo_unix.h,684,56cd53ecb0c17ac9152d1a2a807d9e64224e5f608c74ff1f0916e52d38822f54
runtime/cgo/libcgo_windows.h,258,b0fe698c30c68636536305d39b40d54d3512bd570104e0a04edfbb4e9a287726
runtime/cgo/linux_syscall.c,1925,fb53e53bc37d5ba8f8df641e4f6e0abd705e3eae7815ccc87f55911d20c36133
runtime/funcdata.h,2587,597879e43bc3cb9a87a1b3d16e3408dd23ca9b6b6047312b6edccc8e34774845
runtime/go_tls.h,366,253985b0412d66fd6657b0fcfa54eef45d036c66a7cd00b0ac37a3da2166a4e1
runtime/testdata/testprogcgo/aprof_c.c,217,4876b147dfe0849b604740a771126504816e52910612a3f9626dc81405de27bc
runtime/testdata/testprogcgo/bigstack1_windows.c,379,41c849a0fbdb2a9f35d4bc78b54fe76d15b16b29b3fc716012c4d85008a5a64c
runtime/testdata/testprogcgo/bigstack_windows.c,1233,afe025afadf11bd48b967fe9405520296e04c98a5773a0b0095349ecad889b46
runtime/testdata/testprogcgo/bindm.c,692,904093a37c7fc6932e3933246a98f2fedac90565e05691f885368f82d5dc4ab5
runtime/testdata/testprogcgo/cgonocallback.c,236,763d9a56eaf604b10895f3a4a6ef0e93b6bfa269def33f2bba4511638db923d7
runtime/testdata/testprogcgo/destructor.c,459,3380aff1e3c05962df711d6990b186df7658f88a7049576fc7c8e2c287be412c
runtime/testdata/testprogcgo/gprof_c.c,700,a0b3061fed5d345885a5ba68c70548afcae89bb13154632796c603b66dbaca26
runtime/testdata/testprogcgo/lockosthread.c,301,fad677ee1f247c3c55eecf9ef6d0924acb683d935f4a7cbc6c8f70b18bebf9f1
runtime/testdata/testprogcgo/panic.c,239,706eadd9ad2ab1349dd44dcf4d194a05111f6419ba115e8eb054ce293ed62e0d
runtime/testdata/testprogcgo/stackswitch.c,3978,e57107de4cdb787c258526f4bd15c7fea0f925e6324234043f5990a428944849
runtime/testdata/testprogcgo/threadpanic_unix.c,435,098971627d5dbb80cea1f39d12eb01ddd1799afa692110b847742101b9ea749f
runtime/testdata/testprogcgo/threadpanic_windows.c,435,ecd24740557d89d2169e8adc6f583d23557eed01d666a64bf08e63639b8c6a51
runtime/testdata/testprogcgo/trace_unix.c,688,f8456dc82d7221d9ade1ebc3372310acf99767b97c2f89c4b75ccbd6b3e9f833
runtime/testdata/testprogcgo/trace_windows.c,777,beb84a1659ccf34f1ec45d4dc6cda112a9aaeb5b2a58d274e3c6a3f5811b7639
runtime/testdata/testprogcgo/traceback_c.c,1237,6f3861ceab4252a8341199f6105b956559e893a0262f037693b903643d965d69
runtime/testdata/testprogcgo/tracebackctxt_c.c,2386,fd5f27d3b9de8c7102f6eaded1df2d17a008b2ac6cef336a7932a50545385f35
runtime/testdata/testwinlib/main.c,2528,7043eedb3e1fd9dd0d887958fb4e560dcfc26d2f258801dc8b63c17ad3cae9c1
runtime/testdata/testwinlibsignal/main.c,1511,3f86052eac437b61fffc38d823c15cb5cbcfcecd01d63d7bfd9fa1e5d194f313
runtime/testdata/testwinlibthrow/veh.c,470,f117fee17cefd02ec2b1b6c3d293032871d8b7e2f8295355a577fd758ad4cf55
runtime/testdata/testwintls/main.c,692,1198e56469724a85e3bf8f94f7e8f705072e3cc55be79f7997ef02ae7d61c161
runtime/textflag.h,1501,a9d761d03aecdcc117691b6a55eacd43eb7d47d9ad9ca7510b8669ac403b380e
runtime/time_windows.h,753,f50c5452a69fda66f7fbf895aa73c5d50de0cd24f7b285637fbaa6837c8f300c
runtime/tls_arm64.h,1124,4a05646e67b5154afa82605427c1176c1b113023297ff5d9cbd9755a6c79fe57
vendor/golang.org/x/sys/cpu/cpu_gccgo_x86.c,1095,50585132982aa1dda61a887bb62f468a1a843cf1993d59a4b0fe6ca2e8a5c8f7
