occurrence,source,source_sha256,line,key,nearby_claim,paper_title,doi,review_scope
1,paper/sections/01-introduction.tex,02baaafe915f57a39901fbb4aaeee8f75140c6481f140a8fc66a26b84f89e856,4,r18,"Classical accounts of software watermarking separate transparency, capacity, stealth, and resilience for precisely this reason: satisfying one property does not establish the others \cite{r18}",{Software Watermarking: Models and Dynamic Embeddings},10.1145/292540.292569,bounded nearby literature-positioning claim; see reference-review.md
2,paper/sections/01-introduction.tex,02baaafe915f57a39901fbb4aaeee8f75140c6481f140a8fc66a26b84f89e856,4,r22,"A semantics-based view reaches the same conclusion from another direction, because the abstraction used to justify semantic preservation need not expose the feature used for watermark recovery \cite{r22}",{An Abstract Interpretation-Based Framework for Software Watermarking},10.1145/964001.964016,bounded nearby literature-positioning claim; see reference-review.md
3,paper/sections/01-introduction.tex,02baaafe915f57a39901fbb4aaeee8f75140c6481f140a8fc66a26b84f89e856,59,r63,Equality-saturation systems deliberately identify equivalent expressions in this manner \cite{r63},{Equality Saturation: A New Approach to Optimization},10.2168/lmcs-7(1:10)2011,bounded nearby literature-positioning claim; see reference-review.md
4,paper/sections/01-introduction.tex,02baaafe915f57a39901fbb4aaeee8f75140c6481f140a8fc66a26b84f89e856,79,r47,Translation validation provides the closest architectural precedent: an untrusted producer emits a target and a smaller consumer-side procedure validates the concrete result \cite{r47},{Translation Validation for an Optimizing Compiler},10.1145/349299.349314,bounded nearby literature-positioning claim; see reference-review.md
5,paper/sections/01-introduction.tex,02baaafe915f57a39901fbb4aaeee8f75140c6481f140a8fc66a26b84f89e856,79,r46,"Proof-carrying code supplies the broader evidence-flow pattern, although \TM reconstructs a decidable derivation rather than accepting a producer-authored proof \cite{r46}",{Proof-Carrying Code},10.1145/263699.263712,bounded nearby literature-positioning claim; see reference-review.md
6,paper/sections/01-introduction.tex,02baaafe915f57a39901fbb4aaeee8f75140c6481f140a8fc66a26b84f89e856,79,r34,Verified compilation demonstrates how a much richer source--target semantics can eventually be connected to an implementation \cite{r34},{Formal Verification of a Realistic Compiler},10.1145/1538788.1538814,bounded nearby literature-positioning claim; see reference-review.md
7,paper/sections/02-language.tex,357f78fb1ad03d9c3d44fbea106bfd32571d52f022d301891d8d3080898b1cb5,51,r42,Typed assembly languages show how explicit types can remain useful in compiler representations \cite{r42},{From System F to Typed Assembly Language},10.1145/319301.319345,bounded nearby literature-positioning claim; see reference-review.md
8,paper/sections/02-language.tex,357f78fb1ad03d9c3d44fbea106bfd32571d52f022d301891d8d3080898b1cb5,82,r37,Effect systems traditionally separate value typing from a compositional summary of computation \cite{r37},{Polymorphic Effect Systems},10.1145/73560.73564,bounded nearby literature-positioning claim; see reference-review.md
9,paper/sections/02-language.tex,357f78fb1ad03d9c3d44fbea106bfd32571d52f022d301891d8d3080898b1cb5,82,r62,A type-and-effect discipline can connect these summaries to region reasoning \cite{r62},{The Type and Effect Discipline},10.1006/inco.1994.1046,bounded nearby literature-positioning claim; see reference-review.md
10,paper/sections/02-language.tex,357f78fb1ad03d9c3d44fbea106bfd32571d52f022d301891d8d3080898b1cb5,82,r40,Generic effect frameworks support more expressive algebras than our finite set model \cite{r40},{A Generic Type-and-Effect System},10.1145/1481861.1481868,bounded nearby literature-positioning claim; see reference-review.md
11,paper/sections/07-related.tex,b2f978145190a7e548b32b0dcad09da6b2b52cb63e84cdc47782bc1a5fcedf3e,8,r18,"The classical software-watermarking model treats transparency, data rate, stealth, and resilience as separate dimensions \cite{r18}",{Software Watermarking: Models and Dynamic Embeddings},10.1145/292540.292569,bounded nearby literature-positioning claim; see reference-review.md
12,paper/sections/07-related.tex,b2f978145190a7e548b32b0dcad09da6b2b52cb63e84cdc47782bc1a5fcedf3e,8,r19,A broader survey positions watermarking beside tamper proofing and obfuscation rather than treating the three as interchangeable guarantees \cite{r19},"{Watermarking, Tamper-Proofing, and Obfuscation---Tools for Software Protection}",10.1109/tse.2002.1027797,bounded nearby literature-positioning claim; see reference-review.md
13,paper/sections/07-related.tex,b2f978145190a7e548b32b0dcad09da6b2b52cb63e84cdc47782bc1a5fcedf3e,8,r45,"A functional taxonomy distinguishes application roles such as authorship marking, fingerprinting, licensing, and validation \cite{r45}",{A Functional Taxonomy for Software Watermarking},10.1145/563857.563822,bounded nearby literature-positioning claim; see reference-review.md
14,paper/sections/07-related.tex,b2f978145190a7e548b32b0dcad09da6b2b52cb63e84cdc47782bc1a5fcedf3e,8,r23,"Later survey work records continuing gaps in robustness models, evaluation methodology, and practical overhead \cite{r23}",{Software Watermarking: Progress and Challenges},10.1007/s41403-018-0058-8,bounded nearby literature-positioning claim; see reference-review.md
15,paper/sections/07-related.tex,b2f978145190a7e548b32b0dcad09da6b2b52cb63e84cdc47782bc1a5fcedf3e,10,r73,Extraction recovers a message under the information made available to an extractor \cite{r73},{Extraction in Software Watermarking},10.1145/1161366.1161398,bounded nearby literature-positioning claim; see reference-review.md
16,paper/sections/07-related.tex,b2f978145190a7e548b32b0dcad09da6b2b52cb63e84cdc47782bc1a5fcedf3e,10,r74,Recognition can instead decide whether a mark is present without recovering a complete payload \cite{r74},{Recognition in Software Watermarking},10.1145/1178766.1178776,bounded nearby literature-positioning claim; see reference-review.md
17,paper/sections/07-related.tex,b2f978145190a7e548b32b0dcad09da6b2b52cb63e84cdc47782bc1a5fcedf3e,12,r27,Weak-to-strong constructions analyze how one watermark notion can be amplified under cryptographic assumptions \cite{r27},{From Weak to Strong Watermarking},10.1007/978-3-540-70936-7_20,bounded nearby literature-positioning claim; see reference-review.md
18,paper/sections/07-related.tex,b2f978145190a7e548b32b0dcad09da6b2b52cb63e84cdc47782bc1a5fcedf3e,12,r11,Cryptographic capability watermarking studies functionality and unremovability in an adversarial setting \cite{r11},{Watermarking Cryptographic Capabilities},10.1137/18m1164834,bounded nearby literature-positioning claim; see reference-review.md
19,paper/sections/07-related.tex,b2f978145190a7e548b32b0dcad09da6b2b52cb63e84cdc47782bc1a5fcedf3e,12,r03,General program obfuscation faces impossibility results that caution against inferring secrecy from semantic equivalence or complex syntax \cite{r03},{On the (Im)possibility of Obfuscating Programs},10.1145/2160158.2160159,bounded nearby literature-positioning claim; see reference-review.md
20,paper/sections/07-related.tex,b2f978145190a7e548b32b0dcad09da6b2b52cb63e84cdc47782bc1a5fcedf3e,12,r59,Analyses of the obfuscation arms race similarly require an explicit attacker and observable capabilities \cite{r59},{Protecting Software through Obfuscation: Can It Keep Pace with Progress in Code Analysis?},10.1145/2886012,bounded nearby literature-positioning claim; see reference-review.md
21,paper/sections/07-related.tex,b2f978145190a7e548b32b0dcad09da6b2b52cb63e84cdc47782bc1a5fcedf3e,16,r67,Graph-theoretic constructions encode information in graph structure \cite{r67},{A Graph Theoretic Approach to Software Watermarking},10.1007/3-540-45496-9_12,bounded nearby literature-positioning claim; see reference-review.md
22,paper/sections/07-related.tex,b2f978145190a7e548b32b0dcad09da6b2b52cb63e84cdc47782bc1a5fcedf3e,16,r56,Graph-coloring methods hide signatures in alternative coloring solutions \cite{r56},{Hiding Signatures in Graph Coloring Solutions},10.1007/10719724_24,bounded nearby literature-positioning claim; see reference-review.md
23,paper/sections/07-related.tex,b2f978145190a7e548b32b0dcad09da6b2b52cb63e84cdc47782bc1a5fcedf3e,16,r55,Analyses of graph-coloring watermarking study the resulting capacity and attack tradeoffs \cite{r55},{Analysis of Watermarking Techniques for Graph Coloring Problem},10.1145/288548.288607,bounded nearby literature-positioning claim; see reference-review.md
24,paper/sections/07-related.tex,b2f978145190a7e548b32b0dcad09da6b2b52cb63e84cdc47782bc1a5fcedf3e,16,r15,A graph-based construction develops encodings and decodings for a representation channel larger than a local expression rewrite \cite{r15},{Graph-Based Approaches to Software Watermarking},10.1007/978-3-540-39890-5_14,bounded nearby literature-positioning claim; see reference-review.md
25,paper/sections/07-related.tex,b2f978145190a7e548b32b0dcad09da6b2b52cb63e84cdc47782bc1a5fcedf3e,16,r14,Implementation and attack studies show that the actual graph construction materially affects behavior \cite{r14},"{More on Graph Theoretic Software Watermarks: Implementation, Analysis, and Attacks}",10.1016/j.infsof.2008.09.016,bounded nearby literature-positioning claim; see reference-review.md
26,paper/sections/07-related.tex,b2f978145190a7e548b32b0dcad09da6b2b52cb63e84cdc47782bc1a5fcedf3e,16,r21,Dynamic graph fingerprinting individualizes a running graph representation to a program copy \cite{r21},{Dynamic Graph-Based Software Fingerprinting},10.1145/1286821.1286826,bounded nearby literature-positioning claim; see reference-review.md
27,paper/sections/07-related.tex,b2f978145190a7e548b32b0dcad09da6b2b52cb63e84cdc47782bc1a5fcedf3e,18,r13,Dynamic path-based watermarking ties the mark to selected runtime paths \cite{r13},{Dynamic Path-Based Software Watermarking},10.1145/996841.996856,bounded nearby literature-positioning claim; see reference-review.md
28,paper/sections/07-related.tex,b2f978145190a7e548b32b0dcad09da6b2b52cb63e84cdc47782bc1a5fcedf3e,18,r51,Loop-structure watermarking uses transformations of loop organization \cite{r51},{Hiding Software Watermarks in Loop Structures},10.1007/978-3-540-69166-2_12,bounded nearby literature-positioning claim; see reference-review.md
29,paper/sections/07-related.tex,b2f978145190a7e548b32b0dcad09da6b2b52cb63e84cdc47782bc1a5fcedf3e,18,r44,Self-validating branch watermarking couples branch carriers with runtime checking \cite{r44},{Self-Validating Branch-Based Software Watermarking},10.1007/11558859_25,bounded nearby literature-positioning claim; see reference-review.md
30,paper/sections/07-related.tex,b2f978145190a7e548b32b0dcad09da6b2b52cb63e84cdc47782bc1a5fcedf3e,18,r68,Exception-based watermarking uses handler control flow \cite{r68},{Exception Handling-Based Dynamic Software Watermarking},10.1109/access.2018.2810058,bounded nearby literature-positioning claim; see reference-review.md
31,paper/sections/07-related.tex,b2f978145190a7e548b32b0dcad09da6b2b52cb63e84cdc47782bc1a5fcedf3e,18,r43,Register-allocation watermarking exploits choices in a compiler allocation solution \cite{r43},"{Software Watermarking Through Register Allocation: Implementation, Analysis, and Attacks}",10.1007/978-3-540-24691-6_21,bounded nearby literature-positioning claim; see reference-review.md
32,paper/sections/07-related.tex,b2f978145190a7e548b32b0dcad09da6b2b52cb63e84cdc47782bc1a5fcedf3e,18,r17,Frequency-domain watermarking treats selected program features as a signal \cite{r17},"{Software Watermarking in the Frequency Domain: Implementation, Analysis, and Attacks}",10.3233/jcs-2005-13503,bounded nearby literature-positioning claim; see reference-review.md
33,paper/sections/07-related.tex,b2f978145190a7e548b32b0dcad09da6b2b52cb63e84cdc47782bc1a5fcedf3e,18,r39,Return-oriented watermarking uses gadget structure in executable code \cite{r39},{Software Watermarking Using Return-Oriented Programming},10.1145/2714576.2714582,bounded nearby literature-positioning claim; see reference-review.md
34,paper/sections/07-related.tex,b2f978145190a7e548b32b0dcad09da6b2b52cb63e84cdc47782bc1a5fcedf3e,18,r38,Xmark associates its runtime representation with Collatz-style arithmetic \cite{r38},{Xmark: Dynamic Software Watermarking Using Collatz Conjecture},10.1109/tifs.2019.2908071,bounded nearby literature-positioning claim; see reference-review.md
35,paper/sections/07-related.tex,b2f978145190a7e548b32b0dcad09da6b2b52cb63e84cdc47782bc1a5fcedf3e,18,r52,Number-theoretic dynamic watermarking develops another arithmetic execution carrier \cite{r52},{Exploiting Number Theory for Dynamic Software Watermarking},10.1007/s11416-023-00489-8,bounded nearby literature-positioning claim; see reference-review.md
36,paper/sections/07-related.tex,b2f978145190a7e548b32b0dcad09da6b2b52cb63e84cdc47782bc1a5fcedf3e,20,r41,One method embeds in ordinary Java programs and evaluates recognition after transformation \cite{r41},{A Practical Method for Watermarking Java Programs},10.1109/cmpsac.2000.884716,bounded nearby literature-positioning claim; see reference-review.md
37,paper/sections/07-related.tex,b2f978145190a7e548b32b0dcad09da6b2b52cb63e84cdc47782bc1a5fcedf3e,20,r49,Another implementation study reports that legal opportunities and attack behavior vary across programs \cite{r49},{Experience with Software Watermarking},10.1109/acsac.2000.898885,bounded nearby literature-positioning claim; see reference-review.md
38,paper/sections/07-related.tex,b2f978145190a7e548b32b0dcad09da6b2b52cb63e84cdc47782bc1a5fcedf3e,20,r16,SandMark assembled multiple protection algorithms in one research platform \cite{r16},{SandMark---A Tool for Software Protection Research},10.1109/msecp.2003.1219058,bounded nearby literature-positioning claim; see reference-review.md
39,paper/sections/07-related.tex,b2f978145190a7e548b32b0dcad09da6b2b52cb63e84cdc47782bc1a5fcedf3e,20,r20,Opaque-predicate work studies program constructs intended to be cheap and difficult for analysis to simplify \cite{r20},"{Manufacturing Cheap, Resilient, and Stealthy Opaque Constructs}",10.1145/268946.268962,bounded nearby literature-positioning claim; see reference-review.md
40,paper/sections/07-related.tex,b2f978145190a7e548b32b0dcad09da6b2b52cb63e84cdc47782bc1a5fcedf3e,26,r22,Abstract interpretation gives a semantic account of what a watermark observer can recognize relative to an abstraction \cite{r22},{An Abstract Interpretation-Based Framework for Software Watermarking},10.1145/964001.964016,bounded nearby literature-positioning claim; see reference-review.md
41,paper/sections/07-related.tex,b2f978145190a7e548b32b0dcad09da6b2b52cb63e84cdc47782bc1a5fcedf3e,26,r53,A later semantics-based approach makes embedding and extraction properties explicit in a general framework \cite{r53},{Software Watermarking: A Semantics-Based Approach},10.1016/j.entcs.2017.02.005,bounded nearby literature-positioning claim; see reference-review.md
42,paper/sections/07-related.tex,b2f978145190a7e548b32b0dcad09da6b2b52cb63e84cdc47782bc1a5fcedf3e,26,r54,"Subsequent abstract-interpretation work models transparency, resilience, secrecy, and accuracy relative to semantic abstractions and attackers \cite{r54}",{Semantics-Based Software Watermarking by Abstract Interpretation},10.1017/s0960129518000038,bounded nearby literature-positioning claim; see reference-review.md
43,paper/sections/07-related.tex,b2f978145190a7e548b32b0dcad09da6b2b52cb63e84cdc47782bc1a5fcedf3e,26,r09,Semantic integration with tamper proofing combines objectives beyond immediate source--target equivalence \cite{r09},{Semantic-Integrated Software Watermarking with Tamper-Proofing},10.1007/s11042-017-5373-7,bounded nearby literature-positioning claim; see reference-review.md
44,paper/sections/07-related.tex,b2f978145190a7e548b32b0dcad09da6b2b52cb63e84cdc47782bc1a5fcedf3e,32,r42,Typed assembly languages demonstrate that low-level code can retain independently checkable typing invariants \cite{r42},{From System F to Typed Assembly Language},10.1145/319301.319345,bounded nearby literature-positioning claim; see reference-review.md
45,paper/sections/07-related.tex,b2f978145190a7e548b32b0dcad09da6b2b52cb63e84cdc47782bc1a5fcedf3e,32,r62,The classic type-and-effect discipline connects ordinary types with static summaries of computation \cite{r62},{The Type and Effect Discipline},10.1006/inco.1994.1046,bounded nearby literature-positioning claim; see reference-review.md
46,paper/sections/07-related.tex,b2f978145190a7e548b32b0dcad09da6b2b52cb63e84cdc47782bc1a5fcedf3e,32,r37,Polymorphic effect systems make those summaries abstract and compositional \cite{r37},{Polymorphic Effect Systems},10.1145/73560.73564,bounded nearby literature-positioning claim; see reference-review.md
47,paper/sections/07-related.tex,b2f978145190a7e548b32b0dcad09da6b2b52cb63e84cdc47782bc1a5fcedf3e,32,r40,Generic effect frameworks separate reusable typing structure from a particular effect algebra \cite{r40},{A Generic Type-and-Effect System},10.1145/1481861.1481868,bounded nearby literature-positioning claim; see reference-review.md
48,paper/sections/07-related.tex,b2f978145190a7e548b32b0dcad09da6b2b52cb63e84cdc47782bc1a5fcedf3e,32,r24,Atomicity type systems use effects to restrict interfering executions \cite{r24},{A Type and Effect System for Atomicity},10.1145/781131.781169,bounded nearby literature-positioning claim; see reference-review.md
49,paper/sections/07-related.tex,b2f978145190a7e548b32b0dcad09da6b2b52cb63e84cdc47782bc1a5fcedf3e,32,r05,Proof-relevant logical relations for abstract effects connect effect information with semantic evidence \cite{r05},{Abstract Effects and Proof-Relevant Logical Relations},10.1145/2535838.2535869,bounded nearby literature-positioning claim; see reference-review.md
50,paper/sections/07-related.tex,b2f978145190a7e548b32b0dcad09da6b2b52cb63e84cdc47782bc1a5fcedf3e,32,r64,Region-based memory management shows how explicit regions can organize resource reasoning \cite{r64},{Region-Based Memory Management},10.1006/inco.1996.2613,bounded nearby literature-positioning claim; see reference-review.md
51,paper/sections/07-related.tex,b2f978145190a7e548b32b0dcad09da6b2b52cb63e84cdc47782bc1a5fcedf3e,32,r60,A recent TOPLAS analysis based on demanded summarization illustrates how precise summaries can control analysis cost \cite{r60},{Interactive Abstract Interpretation with Demanded Summarization},10.1145/3648441,bounded nearby literature-positioning claim; see reference-review.md
52,paper/sections/07-related.tex,b2f978145190a7e548b32b0dcad09da6b2b52cb63e84cdc47782bc1a5fcedf3e,34,r58,Commutativity analysis has long used dependence and read/write information to expose legal reorderings \cite{r58},{Commutativity Analysis: A New Analysis Technique for Parallelizing Compilers},10.1145/267959.269969,bounded nearby literature-positioning claim; see reference-review.md
53,paper/sections/07-related.tex,b2f978145190a7e548b32b0dcad09da6b2b52cb63e84cdc47782bc1a5fcedf3e,34,r57,Separation logic supplies a more general semantic account of disjoint mutable state \cite{r57},{Separation Logic: A Logic for Shared Mutable Data Structures},10.1109/lics.2002.1029817,bounded nearby literature-positioning claim; see reference-review.md
54,paper/sections/07-related.tex,b2f978145190a7e548b32b0dcad09da6b2b52cb63e84cdc47782bc1a5fcedf3e,34,r08,Fractional permissions distinguish shared reads from conflicting writes \cite{r08},{Checking Interference with Fractional Permissions},10.1007/3-540-44898-5_4,bounded nearby literature-positioning claim; see reference-review.md
55,paper/sections/07-related.tex,b2f978145190a7e548b32b0dcad09da6b2b52cb63e84cdc47782bc1a5fcedf3e,34,r07,Proof-directed parallelization uses separation evidence to synthesize transformations \cite{r07},{Proof-Directed Parallelization Synthesis by Separation Logic},10.1145/2491522.2491525,bounded nearby literature-positioning claim; see reference-review.md
56,paper/sections/07-related.tex,b2f978145190a7e548b32b0dcad09da6b2b52cb63e84cdc47782bc1a5fcedf3e,34,r04,Relational program logics can prove transformations directly between two executions \cite{r04},{Simple Relational Correctness Proofs for Static Analyses and Program Transformations},10.1145/964001.964003,bounded nearby literature-positioning claim; see reference-review.md
57,paper/sections/07-related.tex,b2f978145190a7e548b32b0dcad09da6b2b52cb63e84cdc47782bc1a5fcedf3e,40,r46,Proof-carrying code lets an untrusted producer provide evidence checked against a consumer policy \cite{r46},{Proof-Carrying Code},10.1145/263699.263712,bounded nearby literature-positioning claim; see reference-review.md
58,paper/sections/07-related.tex,b2f978145190a7e548b32b0dcad09da6b2b52cb63e84cdc47782bc1a5fcedf3e,40,r01,Foundational proof-carrying code reduces trust in a large verification-condition generator by grounding evidence in a small logic \cite{r01},{Foundational Proof-Carrying Code},10.1109/lics.2001.932501,bounded nearby literature-positioning claim; see reference-review.md
59,paper/sections/07-related.tex,b2f978145190a7e548b32b0dcad09da6b2b52cb63e84cdc47782bc1a5fcedf3e,40,r25,A syntactic foundational approach makes the low-level type structure of proof objects explicit \cite{r25},{A Syntactic Approach to Foundational Proof-Carrying Code},10.1109/lics.2002.1029819,bounded nearby literature-positioning claim; see reference-review.md
60,paper/sections/07-related.tex,b2f978145190a7e548b32b0dcad09da6b2b52cb63e84cdc47782bc1a5fcedf3e,40,r48,Certifying-compilation work emits code together with information that simplifies consumer checking \cite{r48},{The Design and Implementation of a Certifying Compiler},10.1145/277650.277752,bounded nearby literature-positioning claim; see reference-review.md
61,paper/sections/07-related.tex,b2f978145190a7e548b32b0dcad09da6b2b52cb63e84cdc47782bc1a5fcedf3e,40,r12,A certifying Java compiler demonstrates this architecture in a managed-language implementation \cite{r12},{A Certifying Compiler for Java},10.1145/349299.349315,bounded nearby literature-positioning claim; see reference-review.md
62,paper/sections/07-related.tex,b2f978145190a7e548b32b0dcad09da6b2b52cb63e84cdc47782bc1a5fcedf3e,46,r47,Translation validation checks each generated source--target pair instead of trusting an optimizer implementation \cite{r47},{Translation Validation for an Optimizing Compiler},10.1145/349299.349314,bounded nearby literature-positioning claim; see reference-review.md
63,paper/sections/07-related.tex,b2f978145190a7e548b32b0dcad09da6b2b52cb63e84cdc47782bc1a5fcedf3e,46,r50,Early validating-compilation work shows why a per-run validator can be simpler than a proof of the whole optimizer \cite{r50},{Translation Validation},10.1007/bfb0054170,bounded nearby literature-positioning claim; see reference-review.md
64,paper/sections/07-related.tex,b2f978145190a7e548b32b0dcad09da6b2b52cb63e84cdc47782bc1a5fcedf3e,46,r66,Formal verification of an instruction-scheduling validator proves the validator's relation in a proof assistant \cite{r66},{Formal Verification of Translation Validators: A Case Study on Instruction Scheduling Optimizations},10.1145/1328438.1328444,bounded nearby literature-positioning claim; see reference-review.md
65,paper/sections/07-related.tex,b2f978145190a7e548b32b0dcad09da6b2b52cb63e84cdc47782bc1a5fcedf3e,46,r70,Cross-product validation constructs a relational program that existing analyses can inspect \cite{r70},{CoVaC: Compiler Validation by Program Analysis of the Cross-Product},10.1007/978-3-540-68237-0_5,bounded nearby literature-positioning claim; see reference-review.md
66,paper/sections/07-related.tex,b2f978145190a7e548b32b0dcad09da6b2b52cb63e84cdc47782bc1a5fcedf3e,46,r65,Value-graph validation uses an independent equivalence representation for LLVM transformations \cite{r65},{Evaluating Value-Graph Translation Validation for LLVM},10.1145/1993498.1993533,bounded nearby literature-positioning claim; see reference-review.md
67,paper/sections/07-related.tex,b2f978145190a7e548b32b0dcad09da6b2b52cb63e84cdc47782bc1a5fcedf3e,46,r29,Equivalence modulo inputs generates program variants that agree on selected inputs and uses their compilation behavior to test compilers \cite{r29},{Compiler Validation via Equivalence Modulo Inputs},10.1145/2594291.2594334,bounded nearby literature-positioning claim; see reference-review.md
68,paper/sections/07-related.tex,b2f978145190a7e548b32b0dcad09da6b2b52cb63e84cdc47782bc1a5fcedf3e,46,r02,SMT-based validation of a machine-learning compiler applies the same architecture to domain-specific lowering \cite{r02},{SMT-Based Translation Validation for Machine Learning Compiler},10.1007/978-3-031-13188-2_19,bounded nearby literature-positioning claim; see reference-review.md
69,paper/sections/07-related.tex,b2f978145190a7e548b32b0dcad09da6b2b52cb63e84cdc47782bc1a5fcedf3e,48,r32,Automatically proved compiler optimizations derive conditions for rule correctness \cite{r32},{Automatically Proving the Correctness of Compiler Optimizations},10.1145/781131.781156,bounded nearby literature-positioning claim; see reference-review.md
70,paper/sections/07-related.tex,b2f978145190a7e548b32b0dcad09da6b2b52cb63e84cdc47782bc1a5fcedf3e,48,r36,Alive made LLVM peephole side conditions executable and exposed unsound rules \cite{r36},{Provably Correct Peephole Optimizations with Alive},10.1145/2737924.2737965,bounded nearby literature-positioning claim; see reference-review.md
71,paper/sections/07-related.tex,b2f978145190a7e548b32b0dcad09da6b2b52cb63e84cdc47782bc1a5fcedf3e,48,r35,Alive2 extends bounded comparison to a broader LLVM and memory subset \cite{r35},{Alive2: Bounded Translation Validation for LLVM},10.1145/3453483.3454030,bounded nearby literature-positioning claim; see reference-review.md
72,paper/sections/07-related.tex,b2f978145190a7e548b32b0dcad09da6b2b52cb63e84cdc47782bc1a5fcedf3e,48,r30,A Lean reconstruction moves an optimization verifier into a proof-assistant setting \cite{r30},{AliveInLean: A Verified LLVM Peephole Optimization Verifier},10.1007/978-3-030-25543-5_25,bounded nearby literature-positioning claim; see reference-review.md
73,paper/sections/07-related.tex,b2f978145190a7e548b32b0dcad09da6b2b52cb63e84cdc47782bc1a5fcedf3e,48,r31,A bounded LLVM memory encoding makes the semantic scope of solver validation explicit \cite{r31},{An SMT Encoding of LLVM's Memory Model for Bounded Translation Validation},10.1007/978-3-030-81688-9_35,bounded nearby literature-positioning claim; see reference-review.md
74,paper/sections/07-related.tex,b2f978145190a7e548b32b0dcad09da6b2b52cb63e84cdc47782bc1a5fcedf3e,48,r28,Credible compilation combines unverified transformations with checked or verified validators \cite{r28},{Crellvm: Verified Credible Compilation for LLVM},10.1145/3192366.3192377,bounded nearby literature-positioning claim; see reference-review.md
75,paper/sections/07-related.tex,b2f978145190a7e548b32b0dcad09da6b2b52cb63e84cdc47782bc1a5fcedf3e,54,r33,A machine-checked compiler back end shows how a simulation proof can connect source and generated code \cite{r33},"{Formal Certification of a Compiler Back-End, or: Programming a Compiler with a Proof Assistant}",10.1145/1111037.1111042,bounded nearby literature-positioning claim; see reference-review.md
76,paper/sections/07-related.tex,b2f978145190a7e548b32b0dcad09da6b2b52cb63e84cdc47782bc1a5fcedf3e,54,r34,CompCert extends this approach across a realistic compiler stack \cite{r34},{Formal Verification of a Realistic Compiler},10.1145/1538788.1538814,bounded nearby literature-positioning claim; see reference-review.md
77,paper/sections/07-related.tex,b2f978145190a7e548b32b0dcad09da6b2b52cb63e84cdc47782bc1a5fcedf3e,54,r06,The mechanized semantics of Clight illustrates the source-language work needed before a production theorem can begin \cite{r06},{Mechanized Semantics for the Clight Subset of the C Language},10.1007/s10817-009-9148-3,bounded nearby literature-positioning claim; see reference-review.md
78,paper/sections/07-related.tex,b2f978145190a7e548b32b0dcad09da6b2b52cb63e84cdc47782bc1a5fcedf3e,54,r10,A verified compiler for an impure functional language handles effects in another whole-compiler setting \cite{r10},{A Verified Compiler for an Impure Functional Language},10.1145/1706299.1706312,bounded nearby literature-positioning claim; see reference-review.md
79,paper/sections/07-related.tex,b2f978145190a7e548b32b0dcad09da6b2b52cb63e84cdc47782bc1a5fcedf3e,54,r28,Crellvm combines validation and verification for LLVM compilation \cite{r28},{Crellvm: Verified Credible Compilation for LLVM},10.1145/3192366.3192377,bounded nearby literature-positioning claim; see reference-review.md
80,paper/sections/07-related.tex,b2f978145190a7e548b32b0dcad09da6b2b52cb63e84cdc47782bc1a5fcedf3e,56,r71,Formal models of LLVM expose the complexity hidden by a textual projection \cite{r71},{Formalizing the LLVM Intermediate Representation for Verified Program Transformations},10.1145/2103656.2103709,bounded nearby literature-positioning claim; see reference-review.md
81,paper/sections/07-related.tex,b2f978145190a7e548b32b0dcad09da6b2b52cb63e84cdc47782bc1a5fcedf3e,56,r72,Verified SSA optimizations require graph and representation invariants beyond a local opcode test \cite{r72},{Formal Verification of SSA-Based Optimizations for LLVM},10.1145/2462156.2462164,bounded nearby literature-positioning claim; see reference-review.md
82,paper/sections/07-related.tex,b2f978145190a7e548b32b0dcad09da6b2b52cb63e84cdc47782bc1a5fcedf3e,56,r75,CompCertTSO shows how relaxed-memory compilation changes the observation and simulation relation \cite{r75},{CompCertTSO: A Verified Compiler for Relaxed-Memory Concurrency},10.1145/2487241.2487248,bounded nearby literature-positioning claim; see reference-review.md
83,paper/sections/07-related.tex,b2f978145190a7e548b32b0dcad09da6b2b52cb63e84cdc47782bc1a5fcedf3e,56,r26,A verified quantum-circuit optimizer demonstrates end-to-end mechanization in a domain with a specialized algebra \cite{r26},{A Verified Optimizer for Quantum Circuits},10.1145/3604630,bounded nearby literature-positioning claim; see reference-review.md
84,paper/sections/07-related.tex,b2f978145190a7e548b32b0dcad09da6b2b52cb63e84cdc47782bc1a5fcedf3e,56,r69,Differential compiler testing shows that mature compiler implementations still contain wrong-code defects and that test harnesses need independent oracles \cite{r69},{Finding and Understanding Bugs in C Compilers},10.1145/1993498.1993532,bounded nearby literature-positioning claim; see reference-review.md
85,paper/sections/07-related.tex,b2f978145190a7e548b32b0dcad09da6b2b52cb63e84cdc47782bc1a5fcedf3e,62,r63,Equality saturation represents many equivalent terms in a shared e-graph and extracts a representative after saturation \cite{r63},{Equality Saturation: A New Approach to Optimization},10.2168/lmcs-7(1:10)2011,bounded nearby literature-positioning claim; see reference-review.md
86,paper/sections/07-related.tex,b2f978145190a7e548b32b0dcad09da6b2b52cb63e84cdc47782bc1a5fcedf3e,64,r61,Robust-object watermarking studies survival under object transformations directly \cite{r61},{Robust Object Watermarking: Application to Code},10.1007/10719724_25,bounded nearby literature-positioning claim; see reference-review.md
