occurrence_id,citation_key,manuscript_location,nearby_claim,cited_title,doi,citations_in_same_sentence,local_support_verdict,project_relevance_verdict,audit_note
CIT-001,r18,paper/main.pdf:body,precisely because success on one dimension does not imply success on the others [18].,Software Watermarking: Models and Dynamic Embeddings,10.1145/292540.292569,1,PASS_ONE_DIRECT_CITATION_FOR_ONE_NEARBY_CLAIM,PASS,"Sentence re-extracted from the authoritative PDF; one cited work supports the neighboring prior-work, method, or boundary claim."
CIT-002,r23,paper/main.pdf:body,Empirical surveys likewise show that capacity and robustness depend on both representation and subsequent transformation [23].,Software Watermarking: Progress and Challenges,10.1007/s41403-018-0058-8,1,PASS_ONE_DIRECT_CITATION_FOR_ONE_NEARBY_CLAIM,PASS,"Sentence re-extracted from the authoritative PDF; one cited work supports the neighboring prior-work, method, or boundary claim."
CIT-003,r01,paper/main.pdf:body,The trust direction follows proof-carrying code: the consumer validates a precise claim rather than trusting the producer’s implementation [1].,Foundational Proof-Carrying Code,10.1109/lics.2001.932501,1,PASS_ONE_DIRECT_CITATION_FOR_ONE_NEARBY_CLAIM,PASS,"Sentence re-extracted from the authoritative PDF; one cited work supports the neighboring prior-work, method, or boundary claim."
CIT-004,r50,paper/main.pdf:body,"It also follows translation validation, which checks one concrete compiler result instead of proving an optimizer correct for every run [50].",Translation Validation,10.1007/bfb0054170,1,PASS_ONE_DIRECT_CITATION_FOR_ONE_NEARBY_CLAIM,PASS,"Sentence re-extracted from the authoritative PDF; one cited work supports the neighboring prior-work, method, or boundary claim."
CIT-005,r37,paper/main.pdf:body,Traditional type-and-effect systems scale this idea to polymorphism and richer control [37].,Polymorphic Effect Systems,10.1145/73560.73564,1,PASS_ONE_DIRECT_CITATION_FOR_ONE_NEARBY_CLAIM,PASS,"Sentence re-extracted from the authoritative PDF; one cited work supports the neighboring prior-work, method, or boundary claim."
CIT-006,r62,paper/main.pdf:body,The classic type-and-effect discipline likewise shows how compositional judgments can approximate dynamic behavior [63].,The Type and Effect Discipline,10.1006/inco.1994.1046,1,PASS_ONE_DIRECT_CITATION_FOR_ONE_NEARBY_CLAIM,PASS,"Sentence re-extracted from the authoritative PDF; one cited work supports the neighboring prior-work, method, or boundary claim."
CIT-007,r58,paper/main.pdf:body,The first two conditions are a finite-language instance of commutativity reasoning used by parallelizing compilers [58].,Commutativity Analysis: A New Analysis Technique for Parallelizing Compilers,10.1145/267959.269968,1,PASS_ONE_DIRECT_CITATION_FOR_ONE_NEARBY_CLAIM,PASS,"Sentence re-extracted from the authoritative PDF; one cited work supports the neighboring prior-work, method, or boundary claim."
CIT-008,r57,paper/main.pdf:body,The footprint argument that lifts a local exchange through untouched state follows the framing discipline familiar from separation logic [57].,Separation Logic: A Logic for Shared Mutable Data Structures,10.1109/lics.2002.1029817,1,PASS_ONE_DIRECT_CITATION_FOR_ONE_NEARBY_CLAIM,PASS,"Sentence re-extracted from the authoritative PDF; one cited work supports the neighboring prior-work, method, or boundary claim."
CIT-009,r71,paper/main.pdf:body,Formalizing LLVM for verified transformation requires an explicit semantic model [72].,Formalizing the LLVM Intermediate Representation for Verified Program Transformations,10.1145/2103656.2103709,1,PASS_ONE_DIRECT_CITATION_FOR_ONE_NEARBY_CLAIM,PASS,"Sentence re-extracted from the authoritative PDF; one cited work supports the neighboring prior-work, method, or boundary claim."
CIT-010,r72,paper/main.pdf:body,Verification of SSA-based LLVM optimizations demonstrates the additional proof burden beyond textual pattern matching [73].,Formal Verification of SSA-Based Optimizations for LLVM,10.1145/2462156.2462164,1,PASS_ONE_DIRECT_CITATION_FOR_ONE_NEARBY_CLAIM,PASS,"Sentence re-extracted from the authoritative PDF; one cited work supports the neighboring prior-work, method, or boundary claim."
CIT-011,r18,paper/main.pdf:body,"7.1 Watermark models, extraction, and recognition The early software-watermarking model distinguishes embedding, extraction, recognition, stealth, and resilience [18].",Software Watermarking: Models and Dynamic Embeddings,10.1145/292540.292569,1,PASS_ONE_DIRECT_CITATION_FOR_ONE_NEARBY_CLAIM,PASS,"Sentence re-extracted from the authoritative PDF; one cited work supports the neighboring prior-work, method, or boundary claim."
CIT-012,r45,paper/main.pdf:body,A functional taxonomy separates static and dynamic techniques by the program property used as the channel [45].,A Functional Taxonomy for Software Watermarking,10.1145/563857.563822,1,PASS_ONE_DIRECT_CITATION_FOR_ONE_NEARBY_CLAIM,PASS,"Sentence re-extracted from the authoritative PDF; one cited work supports the neighboring prior-work, method, or boundary claim."
CIT-013,r49,paper/main.pdf:body,Experience reports show that apparently benign compiler and engineering choices can dominate practical survival [49].,Experience with Software Watermarking,10.1109/acsac.2000.898885,1,PASS_ONE_DIRECT_CITATION_FOR_ONE_NEARBY_CLAIM,PASS,"Sentence re-extracted from the authoritative PDF; one cited work supports the neighboring prior-work, method, or boundary claim."
CIT-014,r23,paper/main.pdf:body,"A later survey records substantial progress while retaining capacity, transparency, and robustness as distinct axes [23].",Software Watermarking: Progress and Challenges,10.1007/s41403-018-0058-8,1,PASS_ONE_DIRECT_CITATION_FOR_ONE_NEARBY_CLAIM,PASS,"Sentence re-extracted from the authoritative PDF; one cited work supports the neighboring prior-work, method, or boundary claim."
CIT-015,r73,paper/main.pdf:body,Work on extraction makes explicit that locating and decoding a mark is a separate algorithmic problem [74].,Extraction in Software Watermarking,10.1145/1161366.1161398,1,PASS_ONE_DIRECT_CITATION_FOR_ONE_NEARBY_CLAIM,PASS,"Sentence re-extracted from the authoritative PDF; one cited work supports the neighboring prior-work, method, or boundary claim."
CIT-016,r74,paper/main.pdf:body,Work on recognition treats the decision that a mark is present as a different relation again [75].,Recognition in Software Watermarking,10.1145/1178766.1178776,1,PASS_ONE_DIRECT_CITATION_FOR_ONE_NEARBY_CLAIM,PASS,"Sentence re-extracted from the authoritative PDF; one cited work supports the neighboring prior-work, method, or boundary claim."
CIT-017,r11,paper/main.pdf:body,Cryptographic watermarking formalizes unremovability and functionality preservation for cryptographic capabilities [11].,Watermarking Cryptographic Capabilities,10.1137/18m1164834,1,PASS_ONE_DIRECT_CITATION_FOR_ONE_NEARBY_CLAIM,PASS,"Sentence re-extracted from the authoritative PDF; one cited work supports the neighboring prior-work, method, or boundary claim."
CIT-018,r27,paper/main.pdf:body,Strong-watermarking formulations strengthen adversarial guarantees beyond ordinary robustness notions [27].,From Weak to Strong Watermarking,10.1007/978-3-540-70936-7_20,1,PASS_ONE_DIRECT_CITATION_FOR_ONE_NEARBY_CLAIM,PASS,"Sentence re-extracted from the authoritative PDF; one cited work supports the neighboring prior-work, method, or boundary claim."
CIT-019,r03,paper/main.pdf:body,General impossibility results for program obfuscation warn against treating syntactic transformation as a blanket security primitive [3].,On the (Im)possibility of Obfuscating Programs,10.1145/2160158.2160159,1,PASS_ONE_DIRECT_CITATION_FOR_ONE_NEARBY_CLAIM,PASS,"Sentence re-extracted from the authoritative PDF; one cited work supports the neighboring prior-work, method, or boundary claim."
CIT-020,r15,paper/main.pdf:body,7.2 Representation families in software watermarking Graph-based watermarking encodes a signature into a graph structure realized by program state [15].,Graph-Based Approaches to Software Watermarking,10.1007/978-3-540-39890-5_14,1,PASS_ONE_DIRECT_CITATION_FOR_ONE_NEARBY_CLAIM,PASS,"Sentence re-extracted from the authoritative PDF; one cited work supports the neighboring prior-work, method, or boundary claim."
CIT-021,r67,paper/main.pdf:body,A graph-theoretic construction maps watermark graphs into program structures under a different extraction model [68].,A Graph Theoretic Approach to Software Watermarking,10.1007/3-540-45496-9_12,1,PASS_ONE_DIRECT_CITATION_FOR_ONE_NEARBY_CLAIM,PASS,"Sentence re-extracted from the authoritative PDF; one cited work supports the neighboring prior-work, method, or boundary claim."
CIT-022,r55,paper/main.pdf:body,Graph-coloring formulations quantify capacity and attack surfaces in a combinatorial carrier [55].,Analysis of Watermarking Techniques for Graph Coloring Problem,10.1145/288548.288607,1,PASS_ONE_DIRECT_CITATION_FOR_ONE_NEARBY_CLAIM,PASS,"Sentence re-extracted from the authoritative PDF; one cited work supports the neighboring prior-work, method, or boundary claim."
CIT-023,r56,paper/main.pdf:body,Hiding signatures in coloring solutions shows how solution freedom can itself become a channel [56].,Hiding Signatures in Graph Coloring Solutions,10.1007/10719724_24,1,PASS_ONE_DIRECT_CITATION_FOR_ONE_NEARBY_CLAIM,PASS,"Sentence re-extracted from the authoritative PDF; one cited work supports the neighboring prior-work, method, or boundary claim."
CIT-024,r14,paper/main.pdf:body,Subsequent analysis documents implementation costs and concrete attacks on graph-theoretic schemes [14].,"More on Graph Theoretic Software Watermarks: Implementation, Analysis, and Attacks",10.1016/j.infsof.2008.09.016,1,PASS_ONE_DIRECT_CITATION_FOR_ONE_NEARBY_CLAIM,PASS,"Sentence re-extracted from the authoritative PDF; one cited work supports the neighboring prior-work, method, or boundary claim."
CIT-025,r13,paper/main.pdf:body,Dynamic path-based watermarking uses execution paths rather than local typed syntax [13].,Dynamic Path-Based Software Watermarking,10.1145/996841.996856,1,PASS_ONE_DIRECT_CITATION_FOR_ONE_NEARBY_CLAIM,PASS,"Sentence re-extracted from the authoritative PDF; one cited work supports the neighboring prior-work, method, or boundary claim."
CIT-026,r21,paper/main.pdf:body,Dynamic graph-based fingerprinting ties a runtime graph to program execution [21].,Dynamic Graph-Based Software Fingerprinting,10.1145/1286821.1286826,1,PASS_ONE_DIRECT_CITATION_FOR_ONE_NEARBY_CLAIM,PASS,"Sentence re-extracted from the authoritative PDF; one cited work supports the neighboring prior-work, method, or boundary claim."
CIT-027,r68,paper/main.pdf:body,Exception-handling watermarking exploits control transfers outside our language [69].,Exception Handling-Based Dynamic Software Watermarking,10.1109/access.2018.2810058,1,PASS_ONE_DIRECT_CITATION_FOR_ONE_NEARBY_CLAIM,PASS,"Sentence re-extracted from the authoritative PDF; one cited work supports the neighboring prior-work, method, or boundary claim."
CIT-028,r39,paper/main.pdf:body,Return-oriented watermarking uses instruction-sequence structure under a substantially different threat model [39].,Software Watermarking Using Return-Oriented Programming,10.1145/2714576.2714582,1,PASS_ONE_DIRECT_CITATION_FOR_ONE_NEARBY_CLAIM,PASS,"Sentence re-extracted from the authoritative PDF; one cited work supports the neighboring prior-work, method, or boundary claim."
CIT-029,r38,paper/main.pdf:body,A Collatz-based construction encodes data through dynamic arithmetic behavior [38].,Xmark: Dynamic Software Watermarking Using Collatz Conjecture,10.1109/tifs.2019.2908071,1,PASS_ONE_DIRECT_CITATION_FOR_ONE_NEARBY_CLAIM,PASS,"Sentence re-extracted from the authoritative PDF; one cited work supports the neighboring prior-work, method, or boundary claim."
CIT-030,r52,paper/main.pdf:body,Number-theoretic watermarking likewise uses arithmetic traces as a dynamic channel [52].,Exploiting Number Theory for Dynamic Software Watermarking,10.1007/s11416-023-00489-8,1,PASS_ONE_DIRECT_CITATION_FOR_ONE_NEARBY_CLAIM,PASS,"Sentence re-extracted from the authoritative PDF; one cited work supports the neighboring prior-work, method, or boundary claim."
CIT-031,r43,paper/main.pdf:body,Register-allocation watermarking places information in one backend allocation decision [43].,"Software Watermarking Through Register Allocation: Implementation, Analysis, and Attacks",10.1007/978-3-540-24691-6_21,1,PASS_ONE_DIRECT_CITATION_FOR_ONE_NEARBY_CLAIM,PASS,"Sentence re-extracted from the authoritative PDF; one cited work supports the neighboring prior-work, method, or boundary claim."
CIT-032,r51,paper/main.pdf:body,Loop-structure watermarking uses transformations of iteration structure [51].,Hiding Software Watermarks in Loop Structures,10.1007/978-3-540-69166-2_12,1,PASS_ONE_DIRECT_CITATION_FOR_ONE_NEARBY_CLAIM,PASS,"Sentence re-extracted from the authoritative PDF; one cited work supports the neighboring prior-work, method, or boundary claim."
CIT-033,r17,paper/main.pdf:body,Frequency-domain watermarking treats code features as a signal representation [17].,"Software Watermarking in the Frequency Domain: Implementation, Analysis, and Attacks",10.3233/jcs-2005-13503,1,PASS_ONE_DIRECT_CITATION_FOR_ONE_NEARBY_CLAIM,PASS,"Sentence re-extracted from the authoritative PDF; one cited work supports the neighboring prior-work, method, or boundary claim."
CIT-034,r44,paper/main.pdf:body,Branch-based self-validation combines a carrier with an integrity check [44].,Self-Validating Branch-Based Software Watermarking,10.1007/11558859_25,1,PASS_ONE_DIRECT_CITATION_FOR_ONE_NEARBY_CLAIM,PASS,"Sentence re-extracted from the authoritative PDF; one cited work supports the neighboring prior-work, method, or boundary claim."
CIT-035,r61,paper/main.pdf:body,Robust object watermarking studies code as a lower-level carrier with different transformation and extraction conditions [62].,Robust Object Watermarking: Application to Code,10.1007/10719724_25,1,PASS_ONE_DIRECT_CITATION_FOR_ONE_NEARBY_CLAIM,PASS,"Sentence re-extracted from the authoritative PDF; one cited work supports the neighboring prior-work, method, or boundary claim."
CIT-036,r41,paper/main.pdf:body,Java watermarking demonstrates how a managed-language implementation can exploit class and bytecode structure [41].,A Practical Method for Watermarking Java Programs,10.1109/cmpsac.2000.884716,1,PASS_ONE_DIRECT_CITATION_FOR_ONE_NEARBY_CLAIM,PASS,"Sentence re-extracted from the authoritative PDF; one cited work supports the neighboring prior-work, method, or boundary claim."
CIT-037,r16,paper/main.pdf:body,SandMark provides an experimental platform spanning several protection techniques [16].,SandMark---A Tool for Software Protection Research,10.1109/msecp.2003.1219058,1,PASS_ONE_DIRECT_CITATION_FOR_ONE_NEARBY_CLAIM,PASS,"Sentence re-extracted from the authoritative PDF; one cited work supports the neighboring prior-work, method, or boundary claim."
CIT-038,r20,paper/main.pdf:body,"Opaque predicates are another source of representational freedom, developed primarily for obfuscation and tamper resistance [20].","Manufacturing Cheap, Resilient, and Stealthy Opaque Constructs",10.1145/268946.268962,1,PASS_ONE_DIRECT_CITATION_FOR_ONE_NEARBY_CLAIM,PASS,"Sentence re-extracted from the authoritative PDF; one cited work supports the neighboring prior-work, method, or boundary claim."
CIT-039,r09,paper/main.pdf:body,7.3 Semantics-based watermarking A semantics-integrated watermark combines watermarking and tamper protection while preserving a selected semantic view [9].,Semantic-Integrated Software Watermarking with Tamper-Proofing,10.1007/s11042-017-5373-7,1,PASS_ONE_DIRECT_CITATION_FOR_ONE_NEARBY_CLAIM,PASS,"Sentence re-extracted from the authoritative PDF; one cited work supports the neighboring prior-work, method, or boundary claim."
CIT-040,r53,paper/main.pdf:body,A semantics-based account models insertion through program semantics rather than only through syntax [53].,Software Watermarking: A Semantics-Based Approach,10.1016/j.entcs.2017.02.005,1,PASS_ONE_DIRECT_CITATION_FOR_ONE_NEARBY_CLAIM,PASS,"Sentence re-extracted from the authoritative PDF; one cited work supports the neighboring prior-work, method, or boundary claim."
CIT-041,r22,paper/main.pdf:body,An abstract-interpretation framework relates watermark observability to an abstraction of program behavior [22].,An Abstract Interpretation-Based Framework for Software Watermarking,10.1145/964001.964016,1,PASS_ONE_DIRECT_CITATION_FOR_ONE_NEARBY_CLAIM,PASS,"Sentence re-extracted from the authoritative PDF; one cited work supports the neighboring prior-work, method, or boundary claim."
CIT-042,r54,paper/main.pdf:body,A later abstract-interpretation development gives a more systematic semantics-based construction [54].,Semantics-Based Software Watermarking by Abstract Interpretation,10.1017/s0960129518000038,1,PASS_ONE_DIRECT_CITATION_FOR_ONE_NEARBY_CLAIM,PASS,"Sentence re-extracted from the authoritative PDF; one cited work supports the neighboring prior-work, method, or boundary claim."
CIT-043,r19,paper/main.pdf:body,Tamper-proofing and obfuscation surveys emphasize that protection mechanisms are often combined and evaluated under interacting attacks [19].,"Watermarking, Tamper-Proofing, and Obfuscation---Tools for Software Protection",10.1109/tse.2002.1027797,1,PASS_ONE_DIRECT_CITATION_FOR_ONE_NEARBY_CLAIM,PASS,"Sentence re-extracted from the authoritative PDF; one cited work supports the neighboring prior-work, method, or boundary claim."
CIT-044,r59,paper/main.pdf:body,A broad obfuscation survey documents the gap between transformation techniques and increasingly strong code analysis [59].,Protecting Software through Obfuscation: Can It Keep Pace with Progress in Code Analysis?,10.1145/2886012,1,PASS_ONE_DIRECT_CITATION_FOR_ONE_NEARBY_CLAIM,PASS,"Sentence re-extracted from the authoritative PDF; one cited work supports the neighboring prior-work, method, or boundary claim."
CIT-045,r42,paper/main.pdf:body,"7.4 Types, effects, commutativity, and local reasoning Typed assembly language established that explicit low-level types can support machine-checkable invariants after compilation [42].",From System F to Typed Assembly Language,10.1145/319301.319345,1,PASS_ONE_DIRECT_CITATION_FOR_ONE_NEARBY_CLAIM,PASS,"Sentence re-extracted from the authoritative PDF; one cited work supports the neighboring prior-work, method, or boundary claim."
CIT-046,r62,paper/main.pdf:body,The type-and-effect discipline shows how static judgments summarize interactions beyond ordinary result types [63].,The Type and Effect Discipline,10.1006/inco.1994.1046,1,PASS_ONE_DIRECT_CITATION_FOR_ONE_NEARBY_CLAIM,PASS,"Sentence re-extracted from the authoritative PDF; one cited work supports the neighboring prior-work, method, or boundary claim."
CIT-047,r37,paper/main.pdf:body,Polymorphic effect systems demonstrate that effect information can be abstracted across contexts [37].,Polymorphic Effect Systems,10.1145/73560.73564,1,PASS_ONE_DIRECT_CITATION_FOR_ONE_NEARBY_CLAIM,PASS,"Sentence re-extracted from the authoritative PDF; one cited work supports the neighboring prior-work, method, or boundary claim."
CIT-048,r40,paper/main.pdf:body,A generic type-and-effect framework isolates reusable metatheoretic structure for effect annotations [40].,A Generic Type-and-Effect System,10.1145/1481861.1481868,1,PASS_ONE_DIRECT_CITATION_FOR_ONE_NEARBY_CLAIM,PASS,"Sentence re-extracted from the authoritative PDF; one cited work supports the neighboring prior-work, method, or boundary claim."
CIT-049,r05,paper/main.pdf:body,Abstract effects connect effect information with proof-relevant logical relations [5].,Abstract Effects and Proof-Relevant Logical Relations,10.1145/2535838.2535869,1,PASS_ONE_DIRECT_CITATION_FOR_ONE_NEARBY_CLAIM,PASS,"Sentence re-extracted from the authoritative PDF; one cited work supports the neighboring prior-work, method, or boundary claim."
CIT-050,r24,paper/main.pdf:body,An atomicity type-and-effect system shows how effects can rule out unsafe reorderings in concurrent programs [24].,A Type and Effect System for Atomicity,10.1145/781131.781169,1,PASS_ONE_DIRECT_CITATION_FOR_ONE_NEARBY_CLAIM,PASS,"Sentence re-extracted from the authoritative PDF; one cited work supports the neighboring prior-work, method, or boundary claim."
CIT-051,r64,paper/main.pdf:body,Region-based memory management gives a classic example of typed resource structure made explicit in a language [65].,Region-Based Memory Management,10.1006/inco.1996.2613,1,PASS_ONE_DIRECT_CITATION_FOR_ONE_NEARBY_CLAIM,PASS,"Sentence re-extracted from the authoritative PDF; one cited work supports the neighboring prior-work, method, or boundary claim."
CIT-052,r08,paper/main.pdf:body,Fractional permissions provide a more expressive interference discipline for shared state [8].,Checking Interference with Fractional Permissions,10.1007/354044898-5_4,1,PASS_ONE_DIRECT_CITATION_FOR_ONE_NEARBY_CLAIM,PASS,"Sentence re-extracted from the authoritative PDF; one cited work supports the neighboring prior-work, method, or boundary claim."
CIT-053,r57,paper/main.pdf:body,Separation logic supplies local reasoning principles for disjoint mutable state [57].,Separation Logic: A Logic for Shared Mutable Data Structures,10.1109/lics.2002.1029817,1,PASS_ONE_DIRECT_CITATION_FOR_ONE_NEARBY_CLAIM,PASS,"Sentence re-extracted from the authoritative PDF; one cited work supports the neighboring prior-work, method, or boundary claim."
CIT-054,r07,paper/main.pdf:body,Proof-directed parallelization uses separation-logic evidence to synthesize safe reordering [7].,Proof-Directed Parallelization Synthesis by Separation Logic,10.1145/2491522.2491525,1,PASS_ONE_DIRECT_CITATION_FOR_ONE_NEARBY_CLAIM,PASS,"Sentence re-extracted from the authoritative PDF; one cited work supports the neighboring prior-work, method, or boundary claim."
CIT-055,r58,paper/main.pdf:body,Commutativity analysis derives parallelization opportunities from semantic independence [58].,Commutativity Analysis: A New Analysis Technique for Parallelizing Compilers,10.1145/267959.269968,1,PASS_ONE_DIRECT_CITATION_FOR_ONE_NEARBY_CLAIM,PASS,"Sentence re-extracted from the authoritative PDF; one cited work supports the neighboring prior-work, method, or boundary claim."
CIT-056,r60,paper/main.pdf:body,Demanded summarization provides a recent example of an analysis that constructs only the summaries required by a query [61].,Interactive Abstract Interpretation with Demanded Summarization,10.1145/3648441,1,PASS_ONE_DIRECT_CITATION_FOR_ONE_NEARBY_CLAIM,PASS,"Sentence re-extracted from the authoritative PDF; one cited work supports the neighboring prior-work, method, or boundary claim."
CIT-057,r04,paper/main.pdf:body,Relational correctness proofs show how local relational arguments can validate analyses and transformations [4].,Simple Relational Correctness Proofs for Static Analyses and Program Transformations,10.1145/964001.964003,1,PASS_ONE_DIRECT_CITATION_FOR_ONE_NEARBY_CLAIM,PASS,"Sentence re-extracted from the authoritative PDF; one cited work supports the neighboring prior-work, method, or boundary claim."
CIT-058,r63,paper/main.pdf:body,Equality saturation separates equational reasoning from one fixed rewrite order while intentionally merging many equivalent expressions into an e-graph [64].,Equality Saturation: A New Approach to Optimization,10.2168/lmcs-7(1:10)2011,1,PASS_ONE_DIRECT_CITATION_FOR_ONE_NEARBY_CLAIM,PASS,"Sentence re-extracted from the authoritative PDF; one cited work supports the neighboring prior-work, method, or boundary claim."
CIT-059,r46,paper/main.pdf:body,7.5 Proof-carrying code and certifying compilation Proof-carrying code moves trust from a code producer to a consumer-side proof checker [46].,Proof-Carrying Code,10.1145/263699.263712,1,PASS_ONE_DIRECT_CITATION_FOR_ONE_NEARBY_CLAIM,PASS,"Sentence re-extracted from the authoritative PDF; one cited work supports the neighboring prior-work, method, or boundary claim."
CIT-060,r01,paper/main.pdf:body,Foundational proof-carrying code reduces dependence on a large verification-condition generator by grounding safety in a small logic [1].,Foundational Proof-Carrying Code,10.1109/lics.2001.932501,1,PASS_ONE_DIRECT_CITATION_FOR_ONE_NEARBY_CLAIM,PASS,"Sentence re-extracted from the authoritative PDF; one cited work supports the neighboring prior-work, method, or boundary claim."
CIT-061,r25,paper/main.pdf:body,A syntactic formulation shows how a consumer can validate low-level code through compact foundational evidence [25].,A Syntactic Approach to Foundational Proof-Carrying Code,10.1109/lics.2002.1029819,1,PASS_ONE_DIRECT_CITATION_FOR_ONE_NEARBY_CLAIM,PASS,"Sentence re-extracted from the authoritative PDF; one cited work supports the neighboring prior-work, method, or boundary claim."
CIT-062,r12,paper/main.pdf:body,A certifying Java compiler emits code together with separately checked evidence [12].,A Certifying Compiler for Java,10.1145/358438.349315,1,PASS_ONE_DIRECT_CITATION_FOR_ONE_NEARBY_CLAIM,PASS,"Sentence re-extracted from the authoritative PDF; one cited work supports the neighboring prior-work, method, or boundary claim."
CIT-063,r48,paper/main.pdf:body,The design of a certifying compiler illustrates how compiler phases can emit independently checkable facts [48].,The Design and Implementation of a Certifying Compiler,10.1145/277650.277752,1,PASS_ONE_DIRECT_CITATION_FOR_ONE_NEARBY_CLAIM,PASS,"Sentence re-extracted from the authoritative PDF; one cited work supports the neighboring prior-work, method, or boundary claim."
CIT-064,r50,paper/main.pdf:body,7.6 Translation validation and verified compilation Translation validation checks one concrete compiler result rather than proving an optimizer correct for all runs [50].,Translation Validation,10.1007/bfb0054170,1,PASS_ONE_DIRECT_CITATION_FOR_ONE_NEARBY_CLAIM,PASS,"Sentence re-extracted from the authoritative PDF; one cited work supports the neighboring prior-work, method, or boundary claim."
CIT-065,r47,paper/main.pdf:body,Validation of an optimizing compiler demonstrates the feasibility of comparing source and target after each compilation [47].,Translation Validation for an Optimizing Compiler,10.1145/349299.349314,1,PASS_ONE_DIRECT_CITATION_FOR_ONE_NEARBY_CLAIM,PASS,"Sentence re-extracted from the authoritative PDF; one cited work supports the neighboring prior-work, method, or boundary claim."
CIT-066,r66,paper/main.pdf:body,Instruction-scheduling validators provide a formally verified example close to our adjacent-exchange carrier [67].,Formal Verification of Translation Validators: A Case Study on Instruction Scheduling Optimizations,10.1145/1328438.1328444,1,PASS_ONE_DIRECT_CITATION_FOR_ONE_NEARBY_CLAIM,PASS,"Sentence re-extracted from the authoritative PDF; one cited work supports the neighboring prior-work, method, or boundary claim."
CIT-067,r70,paper/main.pdf:body,Cross-product analysis validates two programs by constructing a relational analysis problem [71].,CoVaC: Compiler Validation by Program Analysis of the Cross-Product,10.1007/978-3-540-68237-0_5,1,PASS_ONE_DIRECT_CITATION_FOR_ONE_NEARBY_CLAIM,PASS,"Sentence re-extracted from the authoritative PDF; one cited work supports the neighboring prior-work, method, or boundary claim."
CIT-068,r29,paper/main.pdf:body,Equivalence modulo inputs refines validation when only a restricted input domain matters [29].,Compiler Validation via Equivalence Modulo Inputs,10.1145/2594291.2594334,1,PASS_ONE_DIRECT_CITATION_FOR_ONE_NEARBY_CLAIM,PASS,"Sentence re-extracted from the authoritative PDF; one cited work supports the neighboring prior-work, method, or boundary claim."
CIT-069,r65,paper/main.pdf:body,Value-graph validation evaluates a practical relational representation for LLVM transformations [66].,Evaluating Value-Graph Translation Validation for LLVM,10.1145/1993498.1993533,1,PASS_ONE_DIRECT_CITATION_FOR_ONE_NEARBY_CLAIM,PASS,"Sentence re-extracted from the authoritative PDF; one cited work supports the neighboring prior-work, method, or boundary claim."
CIT-070,r02,paper/main.pdf:body,SMT-based validation extends this direction to machine-learning compiler transformations [2].,SMT-Based Translation Validation for Machine Learning Compiler,10.1007/978-3-031-13188-2_19,1,PASS_ONE_DIRECT_CITATION_FOR_ONE_NEARBY_CLAIM,PASS,"Sentence re-extracted from the authoritative PDF; one cited work supports the neighboring prior-work, method, or boundary claim."
CIT-071,r36,paper/main.pdf:body,Alive expresses peephole optimizations in a form suitable for automated correctness checking [36].,Provably Correct Peephole Optimizations with Alive,10.1145/2737924.2737965,1,PASS_ONE_DIRECT_CITATION_FOR_ONE_NEARBY_CLAIM,PASS,"Sentence re-extracted from the authoritative PDF; one cited work supports the neighboring prior-work, method, or boundary claim."
CIT-072,r35,paper/main.pdf:body,Alive2 performs bounded translation validation over LLVM semantics [35].,Alive2: Bounded Translation Validation for LLVM,10.1145/3453483.3454030,1,PASS_ONE_DIRECT_CITATION_FOR_ONE_NEARBY_CLAIM,PASS,"Sentence re-extracted from the authoritative PDF; one cited work supports the neighboring prior-work, method, or boundary claim."
CIT-073,r31,paper/main.pdf:body,An SMT encoding of LLVM’s memory model addresses bounded validation with memory behavior [31].,An SMT Encoding of LLVM's Memory Model for Bounded Translation Validation,10.1007/978-3-030-81688-9_35,1,PASS_ONE_DIRECT_CITATION_FOR_ONE_NEARBY_CLAIM,PASS,"Sentence re-extracted from the authoritative PDF; one cited work supports the neighboring prior-work, method, or boundary claim."
CIT-074,r30,paper/main.pdf:body,AliveInLean explores a verified optimization verifier in a proof assistant [30].,AliveInLean: A Verified LLVM Peephole Optimization Verifier,10.1007/978-3-030-25543-5_25,1,PASS_ONE_DIRECT_CITATION_FOR_ONE_NEARBY_CLAIM,PASS,"Sentence re-extracted from the authoritative PDF; one cited work supports the neighboring prior-work, method, or boundary claim."
CIT-075,r28,paper/main.pdf:body,Crellvm combines LLVM compilation with a verified validation path [28].,Crellvm: Verified Credible Compilation for LLVM,10.1145/3192366.3192377,1,PASS_ONE_DIRECT_CITATION_FOR_ONE_NEARBY_CLAIM,PASS,"Sentence re-extracted from the authoritative PDF; one cited work supports the neighboring prior-work, method, or boundary claim."
CIT-076,r32,paper/main.pdf:body,Automatically proving optimization correctness provides an earlier foundation for mechanized peephole validation [32].,Automatically Proving the Correctness of Compiler Optimizations,10.1145/781131.781156,1,PASS_ONE_DIRECT_CITATION_FOR_ONE_NEARBY_CLAIM,PASS,"Sentence re-extracted from the authoritative PDF; one cited work supports the neighboring prior-work, method, or boundary claim."
CIT-077,r33,paper/main.pdf:body,A proof-assistant-certified backend established simulation for generated assembly [33].,"Formal Certification of a Compiler Back-End, or: Programming a Compiler with a Proof Assistant",10.1145/1111037.1111042,1,PASS_ONE_DIRECT_CITATION_FOR_ONE_NEARBY_CLAIM,PASS,"Sentence re-extracted from the authoritative PDF; one cited work supports the neighboring prior-work, method, or boundary claim."
CIT-078,r34,paper/main.pdf:body,A realistic verified compiler showed that substantial C compilation can be proved end to end [34].,Formal Verification of a Realistic Compiler,10.1145/1538788.1538814,1,PASS_ONE_DIRECT_CITATION_FOR_ONE_NEARBY_CLAIM,PASS,"Sentence re-extracted from the authoritative PDF; one cited work supports the neighboring prior-work, method, or boundary claim."
CIT-079,r10,paper/main.pdf:body,A verified compiler for an impure functional language explored a different source and proof architecture [10].,A Verified Compiler for an Impure Functional Language,10.1145/1707801.1706312,1,PASS_ONE_DIRECT_CITATION_FOR_ONE_NEARBY_CLAIM,PASS,"Sentence re-extracted from the authoritative PDF; one cited work supports the neighboring prior-work, method, or boundary claim."
CIT-080,r06,paper/main.pdf:body,Mechanized Clight semantics supplies a semantic foundation for realistic C proofs [6].,Mechanized Semantics for the Clight Subset of the C Language,10.1007/s10817-009-9148-3,1,PASS_ONE_DIRECT_CITATION_FOR_ONE_NEARBY_CLAIM,PASS,"Sentence re-extracted from the authoritative PDF; one cited work supports the neighboring prior-work, method, or boundary claim."
CIT-081,r75,paper/main.pdf:body,CompCertTSO extends verified compilation to relaxed-memory concurrency [60].,CompCertTSO: A Verified Compiler for Relaxed-Memory Concurrency,10.1145/2487241.2487248,1,PASS_ONE_DIRECT_CITATION_FOR_ONE_NEARBY_CLAIM,PASS,"Sentence re-extracted from the authoritative PDF; one cited work supports the neighboring prior-work, method, or boundary claim."
CIT-082,r26,paper/main.pdf:body,A verified quantum-circuit optimizer demonstrates proof-producing optimization in a specialized language [26].,A Verified Optimizer for Quantum Circuits,10.1145/3604630,1,PASS_ONE_DIRECT_CITATION_FOR_ONE_NEARBY_CLAIM,PASS,"Sentence re-extracted from the authoritative PDF; one cited work supports the neighboring prior-work, method, or boundary claim."
CIT-083,r71,paper/main.pdf:body,Formalization of LLVM makes explicit the semantic details required before transformation theorems can be transported to that IR [72].,Formalizing the LLVM Intermediate Representation for Verified Program Transformations,10.1145/2103656.2103709,1,PASS_ONE_DIRECT_CITATION_FOR_ONE_NEARBY_CLAIM,PASS,"Sentence re-extracted from the authoritative PDF; one cited work supports the neighboring prior-work, method, or boundary claim."
CIT-084,r72,paper/main.pdf:body,Verification of SSA-based LLVM optimizations demonstrates how those details enter concrete proofs [73].,Formal Verification of SSA-Based Optimizations for LLVM,10.1145/2462156.2462164,1,PASS_ONE_DIRECT_CITATION_FOR_ONE_NEARBY_CLAIM,PASS,"Sentence re-extracted from the authoritative PDF; one cited work supports the neighboring prior-work, method, or boundary claim."
CIT-085,r69,paper/main.pdf:body,Differential techniques have found real defects in C compilers without proving a compiler or one transformation [70].,Finding and Understanding Bugs in C Compilers,10.1145/1993498.1993532,1,PASS_ONE_DIRECT_CITATION_FOR_ONE_NEARBY_CLAIM,PASS,"Sentence re-extracted from the authoritative PDF; one cited work supports the neighboring prior-work, method, or boundary claim."
