citation_key,title,authors,year,venue_and_pages,doi,metadata_verdict,scholarly_source_verdict,project_relevance_verdict,correction_applied,verification_basis
r01,Foundational Proof-Carrying Code,Andrew W. Appel,2001,In Proceedings of the 16th Annual IEEE Symposium on Logic in Computer Science. 247--256.,10.1109/lics.2001.932501,PASS_NO_CHANGE,PASS_PEER_REVIEWED_SCHOLARLY_WORK_WITH_UNIQUE_DOI,PASS_DIRECT_WATERMARKING_OR_SUPPORTING_PL_CORRECTNESS_METHOD,None,"DOI, publisher or scholarly-index provenance, structured bibliography, and local citation-context audit"
r02,SMT-Based Translation Validation for Machine Learning Compiler,Seongwon Bang and Seunghyeon Nam and Inwhan Chun and Ho Young Jhoo and Juneyoung Lee,2022,In Computer Aided Verification. 386--407.,10.1007/978-3-031-13188-2_19,PASS_NO_CHANGE,PASS_PEER_REVIEWED_SCHOLARLY_WORK_WITH_UNIQUE_DOI,PASS_DIRECT_WATERMARKING_OR_SUPPORTING_PL_CORRECTNESS_METHOD,None,"DOI, publisher or scholarly-index provenance, structured bibliography, and local citation-context audit"
r03,On the (Im)possibility of Obfuscating Programs,Boaz Barak and Oded Goldreich and Russell Impagliazzo and Steven Rudich and Amit Sahai and Salil P. Vadhan and Ke Yang,2012,"J. ACM 59, 2, Article 6 (2012), 48 pages",10.1145/2160158.2160159,PASS_NO_CHANGE,PASS_PEER_REVIEWED_SCHOLARLY_WORK_WITH_UNIQUE_DOI,PASS_DIRECT_WATERMARKING_OR_SUPPORTING_PL_CORRECTNESS_METHOD,None,"DOI, publisher or scholarly-index provenance, structured bibliography, and local citation-context audit"
r04,Simple Relational Correctness Proofs for Static Analyses and Program Transformations,Nick Benton,2004,"In Proceedings of the 31st ACM SIGPLAN-SIGACT Symposium on Principles of Programming Languages. ACM, 14--25.",10.1145/964001.964003,PASS_NO_CHANGE,PASS_PEER_REVIEWED_SCHOLARLY_WORK_WITH_UNIQUE_DOI,PASS_DIRECT_WATERMARKING_OR_SUPPORTING_PL_CORRECTNESS_METHOD,None,"DOI, publisher or scholarly-index provenance, structured bibliography, and local citation-context audit"
r05,Abstract Effects and Proof-Relevant Logical Relations,Nick Benton and Martin Hofmann and Vivek Nigam,2014,In Proceedings of the 41st ACM SIGPLAN--SIGACT Symposium on Principles of Programming Languages. 619--632.,10.1145/2535838.2535869,PASS_NO_CHANGE,PASS_PEER_REVIEWED_SCHOLARLY_WORK_WITH_UNIQUE_DOI,PASS_DIRECT_WATERMARKING_OR_SUPPORTING_PL_CORRECTNESS_METHOD,None,"DOI, publisher or scholarly-index provenance, structured bibliography, and local citation-context audit"
r06,Mechanized Semantics for the Clight Subset of the C Language,Sandrine Blazy and Xavier Leroy,2009,"Journal of Automated Reasoning 43, 3 (2009), 263--288",10.1007/s10817-009-9148-3,PASS_NO_CHANGE,PASS_PEER_REVIEWED_SCHOLARLY_WORK_WITH_UNIQUE_DOI,PASS_DIRECT_WATERMARKING_OR_SUPPORTING_PL_CORRECTNESS_METHOD,None,"DOI, publisher or scholarly-index provenance, structured bibliography, and local citation-context audit"
r07,Proof-Directed Parallelization Synthesis by Separation Logic,Matko Botin{\v c}an and Mike Dodds and Suresh Jagannathan,2013,"ACM Transactions on Programming Languages and Systems 35, 2, Article 8 (2013), 60 pages",10.1145/2491522.2491525,PASS_AFTER_CORRECTION,PASS_PEER_REVIEWED_SCHOLARLY_WORK_WITH_UNIQUE_DOI,PASS_DIRECT_WATERMARKING_OR_SUPPORTING_PL_CORRECTNESS_METHOD,"Normalized the author accent encoding; title, authors, TOPLAS volume 35 issue 2 article 8, 60 pages, year, and DOI were rechecked.","DOI, publisher or scholarly-index provenance, structured bibliography, and local citation-context audit"
r08,Checking Interference with Fractional Permissions,John Tang Boyland,2003,In Static Analysis. 55--72.,10.1007/3-540-44898-5_4,PASS_NO_CHANGE,PASS_PEER_REVIEWED_SCHOLARLY_WORK_WITH_UNIQUE_DOI,PASS_DIRECT_WATERMARKING_OR_SUPPORTING_PL_CORRECTNESS_METHOD,None,"DOI, publisher or scholarly-index provenance, structured bibliography, and local citation-context audit"
r09,Semantic-Integrated Software Watermarking with Tamper-Proofing,Zhe Chen and Zhi Wang and Chunfu Jia,2018,"Multimedia Tools and Applications 77, 18 (2018), 11159--11178",10.1007/s11042-017-5373-7,PASS_AFTER_CORRECTION,PASS_PEER_REVIEWED_SCHOLARLY_WORK_WITH_UNIQUE_DOI,PASS_DIRECT_WATERMARKING_OR_SUPPORTING_PL_CORRECTNESS_METHOD,"Corrected the issue number from 9 to 18; volume, pages, year, title, authors, and DOI were rechecked.","DOI, publisher or scholarly-index provenance, structured bibliography, and local citation-context audit"
r10,A Verified Compiler for an Impure Functional Language,Adam Chlipala,2010,In Proceedings of the 37th Annual ACM SIGPLAN--SIGACT Symposium on Principles of Programming Languages. 93--106.,10.1145/1707801.1706312,PASS_AFTER_CORRECTION,PASS_PEER_REVIEWED_SCHOLARLY_WORK_WITH_UNIQUE_DOI,PASS_DIRECT_WATERMARKING_OR_SUPPORTING_PL_CORRECTNESS_METHOD,Corrected the article DOI prefix from 1706299 to 1707801; POPL 2010 pages 93--106 and metadata were rechecked.,"DOI, publisher or scholarly-index provenance, structured bibliography, and local citation-context audit"
r11,Watermarking Cryptographic Capabilities,Aloni Cohen and Justin Holmgren and Ryo Nishimaki and Vinod Vaikuntanathan and Daniel Wichs,2018,"SIAM J. Comput. 47, 6 (2018), 2157--2202.",10.1137/18m1164834,PASS_NO_CHANGE,PASS_PEER_REVIEWED_SCHOLARLY_WORK_WITH_UNIQUE_DOI,PASS_DIRECT_WATERMARKING_OR_SUPPORTING_PL_CORRECTNESS_METHOD,None,"DOI, publisher or scholarly-index provenance, structured bibliography, and local citation-context audit"
r12,A Certifying Compiler for Java,Christopher Colby and Peter Lee and George C. Necula and Fred Blau and Mark Plesko and Kenneth Cline,2000,In Proceedings of the ACM SIGPLAN Conference on Programming Language Design and Implementation. 95--107.,10.1145/358438.349315,PASS_AFTER_CORRECTION,PASS_PEER_REVIEWED_SCHOLARLY_WORK_WITH_UNIQUE_DOI,PASS_DIRECT_WATERMARKING_OR_SUPPORTING_PL_CORRECTNESS_METHOD,Corrected the article DOI prefix from 349299 to 358438; PLDI 2000 pages 95--107 and metadata were rechecked.,"DOI, publisher or scholarly-index provenance, structured bibliography, and local citation-context audit"
r13,Dynamic Path-Based Software Watermarking,Christian S. Collberg and Edward Carter and Saumya K. Debray and Andrew Huntwork and John D. Kececioglu and Cullen Linn and Michael Stepp,2004,"In Proceedings of the ACM SIGPLAN 2004 Conference on Programming Language Design and Implementation. ACM, 107--118.",10.1145/996841.996856,PASS_NO_CHANGE,PASS_PEER_REVIEWED_SCHOLARLY_WORK_WITH_UNIQUE_DOI,PASS_DIRECT_WATERMARKING_OR_SUPPORTING_PL_CORRECTNESS_METHOD,None,"DOI, publisher or scholarly-index provenance, structured bibliography, and local citation-context audit"
r14,"More on Graph Theoretic Software Watermarks: Implementation, Analysis, and Attacks",Christian S. Collberg and Andrew Huntwork and Edward Carter and Gregg M. Townsend and Michael Stepp,2009,"Information and Software Technology 51, 1 (2009), 56--67",10.1016/j.infsof.2008.09.016,PASS_NO_CHANGE,PASS_PEER_REVIEWED_SCHOLARLY_WORK_WITH_UNIQUE_DOI,PASS_DIRECT_WATERMARKING_OR_SUPPORTING_PL_CORRECTNESS_METHOD,None,"DOI, publisher or scholarly-index provenance, structured bibliography, and local citation-context audit"
r15,Graph-Based Approaches to Software Watermarking,Christian S. Collberg and Stephen G. Kobourov and Edward Carter and Clark D. Thomborson,2003,In Graph-Theoretic Concepts in Computer Science. 156--167.,10.1007/978-3-540-39890-5_14,PASS_NO_CHANGE,PASS_PEER_REVIEWED_SCHOLARLY_WORK_WITH_UNIQUE_DOI,PASS_DIRECT_WATERMARKING_OR_SUPPORTING_PL_CORRECTNESS_METHOD,None,"DOI, publisher or scholarly-index provenance, structured bibliography, and local citation-context audit"
r16,SandMark---A Tool for Software Protection Research,Christian S. Collberg and Ginger Myles and Andrew Huntwork,2003,"IEEE Security \& Privacy 1, 4 (2003), 40--49",10.1109/msecp.2003.1219058,PASS_AFTER_CORRECTION,PASS_PEER_REVIEWED_SCHOLARLY_WORK_WITH_UNIQUE_DOI,PASS_DIRECT_WATERMARKING_OR_SUPPORTING_PL_CORRECTNESS_METHOD,"Normalized the journal-name escape; volume, issue, pages, authors, year, and DOI were rechecked.","DOI, publisher or scholarly-index provenance, structured bibliography, and local citation-context audit"
r17,"Software Watermarking in the Frequency Domain: Implementation, Analysis, and Attacks",Christian S. Collberg and Tapas R. Sahoo,2005,"Journal of Computer Security 13, 5 (2005), 721--755",10.3233/jcs-2005-13503,PASS_NO_CHANGE,PASS_PEER_REVIEWED_SCHOLARLY_WORK_WITH_UNIQUE_DOI,PASS_DIRECT_WATERMARKING_OR_SUPPORTING_PL_CORRECTNESS_METHOD,None,"DOI, publisher or scholarly-index provenance, structured bibliography, and local citation-context audit"
r18,Software Watermarking: Models and Dynamic Embeddings,Christian S. Collberg and Clark D. Thomborson,1999,"In Proceedings of the 26th ACM SIGPLAN-SIGACT Symposium on Principles of Programming Languages. ACM, 311--324.",10.1145/292540.292569,PASS_NO_CHANGE,PASS_PEER_REVIEWED_SCHOLARLY_WORK_WITH_UNIQUE_DOI,PASS_DIRECT_WATERMARKING_OR_SUPPORTING_PL_CORRECTNESS_METHOD,None,"DOI, publisher or scholarly-index provenance, structured bibliography, and local citation-context audit"
r19,"Watermarking, Tamper-Proofing, and Obfuscation---Tools for Software Protection",Christian S. Collberg and Clark D. Thomborson,2002,"IEEE Transactions on Software Engineering 28, 8 (2002), 735--746.",10.1109/tse.2002.1027797,PASS_NO_CHANGE,PASS_PEER_REVIEWED_SCHOLARLY_WORK_WITH_UNIQUE_DOI,PASS_DIRECT_WATERMARKING_OR_SUPPORTING_PL_CORRECTNESS_METHOD,None,"DOI, publisher or scholarly-index provenance, structured bibliography, and local citation-context audit"
r20,"Manufacturing Cheap, Resilient, and Stealthy Opaque Constructs",Christian S. Collberg and Clark D. Thomborson and Douglas Low,1998,In Proceedings of the 25th ACM SIGPLAN--SIGACT Symposium on Principles of Programming Languages. 184--196.,10.1145/268946.268962,PASS_NO_CHANGE,PASS_PEER_REVIEWED_SCHOLARLY_WORK_WITH_UNIQUE_DOI,PASS_DIRECT_WATERMARKING_OR_SUPPORTING_PL_CORRECTNESS_METHOD,None,"DOI, publisher or scholarly-index provenance, structured bibliography, and local citation-context audit"
r21,Dynamic Graph-Based Software Fingerprinting,Christian S. Collberg and Clark D. Thomborson and Gregg M. Townsend,2007,"ACM Transactions on Programming Languages and Systems 29, 6, Article 35 (2007), 67 pages",10.1145/1286821.1286826,PASS_NO_CHANGE,PASS_PEER_REVIEWED_SCHOLARLY_WORK_WITH_UNIQUE_DOI,PASS_DIRECT_WATERMARKING_OR_SUPPORTING_PL_CORRECTNESS_METHOD,None,"DOI, publisher or scholarly-index provenance, structured bibliography, and local citation-context audit"
r22,An Abstract Interpretation-Based Framework for Software Watermarking,Patrick Cousot and Radhia Cousot,2004,"In Proceedings of the 31st ACM SIGPLAN-SIGACT Symposium on Principles of Programming Languages. ACM, 173--185.",10.1145/964001.964016,PASS_NO_CHANGE,PASS_PEER_REVIEWED_SCHOLARLY_WORK_WITH_UNIQUE_DOI,PASS_DIRECT_WATERMARKING_OR_SUPPORTING_PL_CORRECTNESS_METHOD,None,"DOI, publisher or scholarly-index provenance, structured bibliography, and local citation-context audit"
r23,Software Watermarking: Progress and Challenges,Ayan Dey and Sukriti Bhattacharya and Nabendu Chaki,2019,"INAE Letters 4, 1 (2019), 65--75",10.1007/s41403-018-0058-8,PASS_NO_CHANGE,PASS_PEER_REVIEWED_SCHOLARLY_WORK_WITH_UNIQUE_DOI,PASS_DIRECT_WATERMARKING_OR_SUPPORTING_PL_CORRECTNESS_METHOD,None,"DOI, publisher or scholarly-index provenance, structured bibliography, and local citation-context audit"
r24,A Type and Effect System for Atomicity,Cormac Flanagan and Shaz Qadeer,2003,In Proceedings of the ACM SIGPLAN Conference on Programming Language Design and Implementation. 338--349.,10.1145/781131.781169,PASS_NO_CHANGE,PASS_PEER_REVIEWED_SCHOLARLY_WORK_WITH_UNIQUE_DOI,PASS_DIRECT_WATERMARKING_OR_SUPPORTING_PL_CORRECTNESS_METHOD,None,"DOI, publisher or scholarly-index provenance, structured bibliography, and local citation-context audit"
r25,A Syntactic Approach to Foundational Proof-Carrying Code,Nadeem Abdul Hamid and Zhong Shao and Valery Trifonov and Stefan Monnier and Zhaozhong Ni,2002,In Proceedings of the 17th Annual IEEE Symposium on Logic in Computer Science. 89--100.,10.1109/lics.2002.1029819,PASS_NO_CHANGE,PASS_PEER_REVIEWED_SCHOLARLY_WORK_WITH_UNIQUE_DOI,PASS_DIRECT_WATERMARKING_OR_SUPPORTING_PL_CORRECTNESS_METHOD,None,"DOI, publisher or scholarly-index provenance, structured bibliography, and local citation-context audit"
r26,A Verified Optimizer for Quantum Circuits,Kesha Hietala and Robert Rand and Liyi Li and Shih-Han Hung and Xiaodi Wu and Michael Hicks,2023,"ACM Transactions on Programming Languages and Systems 45, 3, Article 18 (2023), 35 pages",10.1145/3604630,PASS_NO_CHANGE,PASS_PEER_REVIEWED_SCHOLARLY_WORK_WITH_UNIQUE_DOI,PASS_DIRECT_WATERMARKING_OR_SUPPORTING_PL_CORRECTNESS_METHOD,None,"DOI, publisher or scholarly-index provenance, structured bibliography, and local citation-context audit"
r27,From Weak to Strong Watermarking,Nicholas J. Hopper and David Molnar and David Wagner,2007,In Theory of Cryptography. 362--382.,10.1007/978-3-540-70936-7_20,PASS_NO_CHANGE,PASS_PEER_REVIEWED_SCHOLARLY_WORK_WITH_UNIQUE_DOI,PASS_DIRECT_WATERMARKING_OR_SUPPORTING_PL_CORRECTNESS_METHOD,None,"DOI, publisher or scholarly-index provenance, structured bibliography, and local citation-context audit"
r28,Crellvm: Verified Credible Compilation for LLVM,Jeehoon Kang and Yoonseung Kim and Youngju Song and Juneyoung Lee and Sanghoon Park and Mark Dongyeon Shin and Yonghyun Kim and Sungkeun Cho and Joonwon Choi and Chung-Kil Hur and Kwangkeun Yi,2018,In Proceedings of the 39th ACM SIGPLAN Conference on Programming Language Design and Implementation. 631--645.,10.1145/3192366.3192377,PASS_NO_CHANGE,PASS_PEER_REVIEWED_SCHOLARLY_WORK_WITH_UNIQUE_DOI,PASS_DIRECT_WATERMARKING_OR_SUPPORTING_PL_CORRECTNESS_METHOD,None,"DOI, publisher or scholarly-index provenance, structured bibliography, and local citation-context audit"
r29,Compiler Validation via Equivalence Modulo Inputs,Vu Le and Mehrdad Afshari and Zhendong Su,2014,In Proceedings of the 35th ACM SIGPLAN Conference on Programming Language Design and Implementation. 216--226.,10.1145/2594291.2594334,PASS_NO_CHANGE,PASS_PEER_REVIEWED_SCHOLARLY_WORK_WITH_UNIQUE_DOI,PASS_DIRECT_WATERMARKING_OR_SUPPORTING_PL_CORRECTNESS_METHOD,None,"DOI, publisher or scholarly-index provenance, structured bibliography, and local citation-context audit"
r30,AliveInLean: A Verified LLVM Peephole Optimization Verifier,Juneyoung Lee and Chung-Kil Hur and Nuno P. Lopes,2019,In Computer Aided Verification. 445--455.,10.1007/978-3-030-25543-5_25,PASS_NO_CHANGE,PASS_PEER_REVIEWED_SCHOLARLY_WORK_WITH_UNIQUE_DOI,PASS_DIRECT_WATERMARKING_OR_SUPPORTING_PL_CORRECTNESS_METHOD,None,"DOI, publisher or scholarly-index provenance, structured bibliography, and local citation-context audit"
r31,An SMT Encoding of LLVM's Memory Model for Bounded Translation Validation,Juneyoung Lee and Dongjoo Kim and Chung-Kil Hur and Nuno P. Lopes,2021,In Computer Aided Verification. 752--776.,10.1007/978-3-030-81688-9_35,PASS_NO_CHANGE,PASS_PEER_REVIEWED_SCHOLARLY_WORK_WITH_UNIQUE_DOI,PASS_DIRECT_WATERMARKING_OR_SUPPORTING_PL_CORRECTNESS_METHOD,None,"DOI, publisher or scholarly-index provenance, structured bibliography, and local citation-context audit"
r32,Automatically Proving the Correctness of Compiler Optimizations,Sorin Lerner and Todd D. Millstein and Craig Chambers,2003,"In Proceedings of the ACM SIGPLAN 2003 Conference on Programming Language Design and Implementation. ACM, 220--231.",10.1145/781131.781156,PASS_NO_CHANGE,PASS_PEER_REVIEWED_SCHOLARLY_WORK_WITH_UNIQUE_DOI,PASS_DIRECT_WATERMARKING_OR_SUPPORTING_PL_CORRECTNESS_METHOD,None,"DOI, publisher or scholarly-index provenance, structured bibliography, and local citation-context audit"
r33,"Formal Certification of a Compiler Back-End, or: Programming a Compiler with a Proof Assistant",Xavier Leroy,2006,In Proceedings of the 33rd ACM SIGPLAN--SIGACT Symposium on Principles of Programming Languages. 42--54.,10.1145/1111037.1111042,PASS_NO_CHANGE,PASS_PEER_REVIEWED_SCHOLARLY_WORK_WITH_UNIQUE_DOI,PASS_DIRECT_WATERMARKING_OR_SUPPORTING_PL_CORRECTNESS_METHOD,None,"DOI, publisher or scholarly-index provenance, structured bibliography, and local citation-context audit"
r34,Formal Verification of a Realistic Compiler,Xavier Leroy,2009,"Commun. ACM 52, 7 (2009), 107--115",10.1145/1538788.1538814,PASS_NO_CHANGE,PASS_PEER_REVIEWED_SCHOLARLY_WORK_WITH_UNIQUE_DOI,PASS_DIRECT_WATERMARKING_OR_SUPPORTING_PL_CORRECTNESS_METHOD,None,"DOI, publisher or scholarly-index provenance, structured bibliography, and local citation-context audit"
r35,Alive2: Bounded Translation Validation for LLVM,Nuno P. Lopes and Juneyoung Lee and Chung-Kil Hur and Zhengyang Liu and John Regehr,2021,"In Proceedings of the 42nd ACM SIGPLAN International Conference on Programming Language Design and Implementation. ACM, 65--79.",10.1145/3453483.3454030,PASS_NO_CHANGE,PASS_PEER_REVIEWED_SCHOLARLY_WORK_WITH_UNIQUE_DOI,PASS_DIRECT_WATERMARKING_OR_SUPPORTING_PL_CORRECTNESS_METHOD,None,"DOI, publisher or scholarly-index provenance, structured bibliography, and local citation-context audit"
r36,Provably Correct Peephole Optimizations with Alive,Nuno P. Lopes and David Menendez and Santosh Nagarakatte and John Regehr,2015,"In Proceedings of the 36th ACM SIGPLAN Conference on Programming Language Design and Implementation. ACM, 22--32.",10.1145/2737924.2737965,PASS_NO_CHANGE,PASS_PEER_REVIEWED_SCHOLARLY_WORK_WITH_UNIQUE_DOI,PASS_DIRECT_WATERMARKING_OR_SUPPORTING_PL_CORRECTNESS_METHOD,None,"DOI, publisher or scholarly-index provenance, structured bibliography, and local citation-context audit"
r37,Polymorphic Effect Systems,John M. Lucassen and David K. Gifford,1988,"In Proceedings of the 15th ACM SIGPLAN--SIGACT Symposium on Principles of Programming Languages. ACM, 47--57.",10.1145/73560.73564,PASS_NO_CHANGE,PASS_PEER_REVIEWED_SCHOLARLY_WORK_WITH_UNIQUE_DOI,PASS_DIRECT_WATERMARKING_OR_SUPPORTING_PL_CORRECTNESS_METHOD,None,"DOI, publisher or scholarly-index provenance, structured bibliography, and local citation-context audit"
r38,Xmark: Dynamic Software Watermarking Using Collatz Conjecture,Haoyu Ma and Chunfu Jia and Shijia Li and Wantong Zheng and Dinghao Wu,2019,"IEEE Transactions on Information Forensics and Security 14, 11 (2019), 2859--2874.",10.1109/tifs.2019.2908071,PASS_NO_CHANGE,PASS_PEER_REVIEWED_SCHOLARLY_WORK_WITH_UNIQUE_DOI,PASS_DIRECT_WATERMARKING_OR_SUPPORTING_PL_CORRECTNESS_METHOD,None,"DOI, publisher or scholarly-index provenance, structured bibliography, and local citation-context audit"
r39,Software Watermarking Using Return-Oriented Programming,Haoyu Ma and Kangjie Lu and Xinjie Ma and Haining Zhang and Chunfu Jia and Debin Gao,2015,"In Proceedings of the 10th ACM Symposium on Information, Computer and Communications Security. 369--380.",10.1145/2714576.2714582,PASS_NO_CHANGE,PASS_PEER_REVIEWED_SCHOLARLY_WORK_WITH_UNIQUE_DOI,PASS_DIRECT_WATERMARKING_OR_SUPPORTING_PL_CORRECTNESS_METHOD,None,"DOI, publisher or scholarly-index provenance, structured bibliography, and local citation-context audit"
r40,A Generic Type-and-Effect System,Daniel Marino and Todd Millstein,2009,In Proceedings of the 4th International Workshop on Types in Language Design and Implementation. 39--50.,10.1145/1481861.1481868,PASS_NO_CHANGE,PASS_PEER_REVIEWED_SCHOLARLY_WORK_WITH_UNIQUE_DOI,PASS_DIRECT_WATERMARKING_OR_SUPPORTING_PL_CORRECTNESS_METHOD,None,"DOI, publisher or scholarly-index provenance, structured bibliography, and local citation-context audit"
r41,A Practical Method for Watermarking Java Programs,Akito Monden and Hajimu Iida and Ken-ichi Matsumoto and Koji Torii and Katsuro Inoue,2000,In Proceedings of the 24th Annual International Computer Software and Applications Conference. 191--197.,10.1109/cmpsac.2000.884716,PASS_AFTER_CORRECTION,PASS_PEER_REVIEWED_SCHOLARLY_WORK_WITH_UNIQUE_DOI,PASS_DIRECT_WATERMARKING_OR_SUPPORTING_PL_CORRECTNESS_METHOD,"Normalized Ken-ichi Matsumoto in the rendered reference; title, authors, pages, year, and DOI were rechecked.","DOI, publisher or scholarly-index provenance, structured bibliography, and local citation-context audit"
r42,From System F to Typed Assembly Language,Greg Morrisett and David Walker and Karl Crary and Neal Glew,1999,"ACM Transactions on Programming Languages and Systems 21, 3 (1999), 527--568",10.1145/319301.319345,PASS_NO_CHANGE,PASS_PEER_REVIEWED_SCHOLARLY_WORK_WITH_UNIQUE_DOI,PASS_DIRECT_WATERMARKING_OR_SUPPORTING_PL_CORRECTNESS_METHOD,None,"DOI, publisher or scholarly-index provenance, structured bibliography, and local citation-context audit"
r43,"Software Watermarking Through Register Allocation: Implementation, Analysis, and Attacks",Ginger Myles and Christian S. Collberg,2004,In Information Security and Cryptology. 274--293.,10.1007/978-3-540-24691-6_21,PASS_NO_CHANGE,PASS_PEER_REVIEWED_SCHOLARLY_WORK_WITH_UNIQUE_DOI,PASS_DIRECT_WATERMARKING_OR_SUPPORTING_PL_CORRECTNESS_METHOD,None,"DOI, publisher or scholarly-index provenance, structured bibliography, and local citation-context audit"
r44,Self-Validating Branch-Based Software Watermarking,Ginger Myles and Hongxia Jin,2005,In Information Hiding. 342--356.,10.1007/11558859_25,PASS_NO_CHANGE,PASS_PEER_REVIEWED_SCHOLARLY_WORK_WITH_UNIQUE_DOI,PASS_DIRECT_WATERMARKING_OR_SUPPORTING_PL_CORRECTNESS_METHOD,None,"DOI, publisher or scholarly-index provenance, structured bibliography, and local citation-context audit"
r45,A Functional Taxonomy for Software Watermarking,Jasvir Nagra and Clark D. Thomborson and Christian S. Collberg,2002,"In Proceedings of the Twenty-Fifth Australasian Computer Science Conference, Vol. 4. Australian Computer Society, 177--186.",10.1145/563857.563822,PASS_NO_CHANGE,PASS_PEER_REVIEWED_SCHOLARLY_WORK_WITH_UNIQUE_DOI,PASS_DIRECT_WATERMARKING_OR_SUPPORTING_PL_CORRECTNESS_METHOD,None,"DOI, publisher or scholarly-index provenance, structured bibliography, and local citation-context audit"
r46,Proof-Carrying Code,George C. Necula,1997,"In Proceedings of the 24th ACM SIGPLAN-SIGACT Symposium on Principles of Programming Languages. ACM, 106--119.",10.1145/263699.263712,PASS_NO_CHANGE,PASS_PEER_REVIEWED_SCHOLARLY_WORK_WITH_UNIQUE_DOI,PASS_DIRECT_WATERMARKING_OR_SUPPORTING_PL_CORRECTNESS_METHOD,None,"DOI, publisher or scholarly-index provenance, structured bibliography, and local citation-context audit"
r47,Translation Validation for an Optimizing Compiler,George C. Necula,2000,"In Proceedings of the ACM SIGPLAN 2000 Conference on Programming Language Design and Implementation. ACM, 83--94.",10.1145/349299.349314,PASS_NO_CHANGE,PASS_PEER_REVIEWED_SCHOLARLY_WORK_WITH_UNIQUE_DOI,PASS_DIRECT_WATERMARKING_OR_SUPPORTING_PL_CORRECTNESS_METHOD,None,"DOI, publisher or scholarly-index provenance, structured bibliography, and local citation-context audit"
r48,The Design and Implementation of a Certifying Compiler,George C. Necula and Peter Lee,1998,In Proceedings of the ACM SIGPLAN Conference on Programming Language Design and Implementation. 333--344.,10.1145/277650.277752,PASS_NO_CHANGE,PASS_PEER_REVIEWED_SCHOLARLY_WORK_WITH_UNIQUE_DOI,PASS_DIRECT_WATERMARKING_OR_SUPPORTING_PL_CORRECTNESS_METHOD,None,"DOI, publisher or scholarly-index provenance, structured bibliography, and local citation-context audit"
r49,Experience with Software Watermarking,Jens Palsberg and S. Krishnaswamy and Minseok Kwon and Di Ma and Qiuyun Shao and Y. Zhang,2000,In Proceedings of the 16th Annual Computer Security Applications Conference. 308--316.,10.1109/acsac.2000.898885,PASS_NO_CHANGE,PASS_PEER_REVIEWED_SCHOLARLY_WORK_WITH_UNIQUE_DOI,PASS_DIRECT_WATERMARKING_OR_SUPPORTING_PL_CORRECTNESS_METHOD,None,"DOI, publisher or scholarly-index provenance, structured bibliography, and local citation-context audit"
r50,Translation Validation,Amir Pnueli and Michael Siegel and Eli Singerman,1998,"In Tools and Algorithms for the Construction and Analysis of Systems (Lecture Notes in Computer Science, Vol. 1384). Springer, 151--166.",10.1007/bfb0054170,PASS_NO_CHANGE,PASS_PEER_REVIEWED_SCHOLARLY_WORK_WITH_UNIQUE_DOI,PASS_DIRECT_WATERMARKING_OR_SUPPORTING_PL_CORRECTNESS_METHOD,None,"DOI, publisher or scholarly-index provenance, structured bibliography, and local citation-context audit"
r51,Hiding Software Watermarks in Loop Structures,Mila Dalla Preda and Roberto Giacobazzi and Enrico Visentini,2008,"In Static Analysis: 15th International Symposium (Lecture Notes in Computer Science, Vol. 5079). Springer, 174--188.",10.1007/978-3-540-69166-2_12,PASS_NO_CHANGE,PASS_PEER_REVIEWED_SCHOLARLY_WORK_WITH_UNIQUE_DOI,PASS_DIRECT_WATERMARKING_OR_SUPPORTING_PL_CORRECTNESS_METHOD,None,"DOI, publisher or scholarly-index provenance, structured bibliography, and local citation-context audit"
r52,Exploiting Number Theory for Dynamic Software Watermarking,Mila Dalla Preda and Michele Ianni,2024,"Journal of Computer Virology and Hacking Techniques 20, 1 (2024), 41--51",10.1007/s11416-023-00489-8,PASS_NO_CHANGE,PASS_PEER_REVIEWED_SCHOLARLY_WORK_WITH_UNIQUE_DOI,PASS_DIRECT_WATERMARKING_OR_SUPPORTING_PL_CORRECTNESS_METHOD,None,"DOI, publisher or scholarly-index provenance, structured bibliography, and local citation-context audit"
r53,Software Watermarking: A Semantics-Based Approach,Mila Dalla Preda and Michele Pasqua,2017,"Electronic Notes in Theoretical Computer Science 331 (2017), 71--85",10.1016/j.entcs.2017.02.005,PASS_NO_CHANGE,PASS_PEER_REVIEWED_SCHOLARLY_WORK_WITH_UNIQUE_DOI,PASS_DIRECT_WATERMARKING_OR_SUPPORTING_PL_CORRECTNESS_METHOD,None,"DOI, publisher or scholarly-index provenance, structured bibliography, and local citation-context audit"
r54,Semantics-Based Software Watermarking by Abstract Interpretation,Mila Dalla Preda and Michele Pasqua,2019,"Mathematical Structures in Computer Science 29, 2 (2019), 339--388",10.1017/s0960129518000038,PASS_NO_CHANGE,PASS_PEER_REVIEWED_SCHOLARLY_WORK_WITH_UNIQUE_DOI,PASS_DIRECT_WATERMARKING_OR_SUPPORTING_PL_CORRECTNESS_METHOD,None,"DOI, publisher or scholarly-index provenance, structured bibliography, and local citation-context audit"
r55,Analysis of Watermarking Techniques for Graph Coloring Problem,Gang Qu and Miodrag Potkonjak,1998,In Proceedings of the IEEE/ACM International Conference on Computer-Aided Design. 190--193.,10.1145/288548.288607,PASS_NO_CHANGE,PASS_PEER_REVIEWED_SCHOLARLY_WORK_WITH_UNIQUE_DOI,PASS_DIRECT_WATERMARKING_OR_SUPPORTING_PL_CORRECTNESS_METHOD,None,"DOI, publisher or scholarly-index provenance, structured bibliography, and local citation-context audit"
r56,Hiding Signatures in Graph Coloring Solutions,Gang Qu and Miodrag Potkonjak,2000,In Information Hiding. 348--367.,10.1007/10719724_24,PASS_NO_CHANGE,PASS_PEER_REVIEWED_SCHOLARLY_WORK_WITH_UNIQUE_DOI,PASS_DIRECT_WATERMARKING_OR_SUPPORTING_PL_CORRECTNESS_METHOD,None,"DOI, publisher or scholarly-index provenance, structured bibliography, and local citation-context audit"
r57,Separation Logic: A Logic for Shared Mutable Data Structures,John C. Reynolds,2002,In Proceedings of the 17th Annual IEEE Symposium on Logic in Computer Science. 55--74.,10.1109/lics.2002.1029817,PASS_NO_CHANGE,PASS_PEER_REVIEWED_SCHOLARLY_WORK_WITH_UNIQUE_DOI,PASS_DIRECT_WATERMARKING_OR_SUPPORTING_PL_CORRECTNESS_METHOD,None,"DOI, publisher or scholarly-index provenance, structured bibliography, and local citation-context audit"
r58,Commutativity Analysis: A New Analysis Technique for Parallelizing Compilers,Martin C. Rinard and Pedro C. Diniz,1997,"ACM Transactions on Programming Languages and Systems 19, 6 (1997), 942--991",10.1145/267959.269968,PASS_NO_CHANGE,PASS_PEER_REVIEWED_SCHOLARLY_WORK_WITH_UNIQUE_DOI,PASS_DIRECT_WATERMARKING_OR_SUPPORTING_PL_CORRECTNESS_METHOD,None,"DOI, publisher or scholarly-index provenance, structured bibliography, and local citation-context audit"
r59,Protecting Software through Obfuscation: Can It Keep Pace with Progress in Code Analysis?,Sebastian Schrittwieser and Stefan Katzenbeisser and Johannes Kinder and Georg Merzdovnik and Edgar Weippl,2016,"ACM Computing Surveys 49, 1, Article 4 (2016), 37 pages",10.1145/2886012,PASS_AFTER_CORRECTION,PASS_PEER_REVIEWED_SCHOLARLY_WORK_WITH_UNIQUE_DOI,PASS_DIRECT_WATERMARKING_OR_SUPPORTING_PL_CORRECTNESS_METHOD,Removed a title/venue field split and restored the complete title and ACM Computing Surveys venue.,"DOI, publisher or scholarly-index provenance, structured bibliography, and local citation-context audit"
r60,Interactive Abstract Interpretation with Demanded Summarization,Benno Stein and Bor-Yuh Evan Chang and Manu Sridharan,2024,"ACM Transactions on Programming Languages and Systems 46, 1, Article 4 (2024), 40 pages.",10.1145/3648441,PASS_NO_CHANGE,PASS_PEER_REVIEWED_SCHOLARLY_WORK_WITH_UNIQUE_DOI,PASS_DIRECT_WATERMARKING_OR_SUPPORTING_PL_CORRECTNESS_METHOD,None,"DOI, publisher or scholarly-index provenance, structured bibliography, and local citation-context audit"
r61,Robust Object Watermarking: Application to Code,"Julien P. Stern and Ga{\""e}l Hachez and Fran{\c c}ois Koeune and Jean-Jacques Quisquater",2000,In Information Hiding. 368--378.,10.1007/10719724_25,PASS_AFTER_CORRECTION,PASS_PEER_REVIEWED_SCHOLARLY_WORK_WITH_UNIQUE_DOI,PASS_DIRECT_WATERMARKING_OR_SUPPORTING_PL_CORRECTNESS_METHOD,"Normalized author accent encodings; title, Information Hiding pages 368--378, year, and DOI were rechecked.","DOI, publisher or scholarly-index provenance, structured bibliography, and local citation-context audit"
r62,The Type and Effect Discipline,Jean-Pierre Talpin and Pierre Jouvelot,1994,"Information and Computation 111, 2 (1994), 245--296",10.1006/inco.1994.1046,PASS_NO_CHANGE,PASS_PEER_REVIEWED_SCHOLARLY_WORK_WITH_UNIQUE_DOI,PASS_DIRECT_WATERMARKING_OR_SUPPORTING_PL_CORRECTNESS_METHOD,None,"DOI, publisher or scholarly-index provenance, structured bibliography, and local citation-context audit"
r63,Equality Saturation: A New Approach to Optimization,Ross Tate and Michael Stepp and Zachary Tatlock and Sorin Lerner,2011,"Logical Methods in Computer Science 7, 1, Article 10 (2011), 1--37.",10.2168/lmcs-7(1:10)2011,PASS_NO_CHANGE,PASS_PEER_REVIEWED_SCHOLARLY_WORK_WITH_UNIQUE_DOI,PASS_DIRECT_WATERMARKING_OR_SUPPORTING_PL_CORRECTNESS_METHOD,None,"DOI, publisher or scholarly-index provenance, structured bibliography, and local citation-context audit"
r64,Region-Based Memory Management,Mads Tofte and Jean-Pierre Talpin,1997,"Information and Computation 132, 2 (1997), 109--176",10.1006/inco.1996.2613,PASS_NO_CHANGE,PASS_PEER_REVIEWED_SCHOLARLY_WORK_WITH_UNIQUE_DOI,PASS_DIRECT_WATERMARKING_OR_SUPPORTING_PL_CORRECTNESS_METHOD,None,"DOI, publisher or scholarly-index provenance, structured bibliography, and local citation-context audit"
r65,Evaluating Value-Graph Translation Validation for LLVM,Jean-Baptiste Tristan and Paul Govereau and Greg Morrisett,2011,In Proceedings of the 32nd ACM SIGPLAN Conference on Programming Language Design and Implementation. 295--305.,10.1145/1993498.1993533,PASS_NO_CHANGE,PASS_PEER_REVIEWED_SCHOLARLY_WORK_WITH_UNIQUE_DOI,PASS_DIRECT_WATERMARKING_OR_SUPPORTING_PL_CORRECTNESS_METHOD,None,"DOI, publisher or scholarly-index provenance, structured bibliography, and local citation-context audit"
r66,Formal Verification of Translation Validators: A Case Study on Instruction Scheduling Optimizations,Jean-Baptiste Tristan and Xavier Leroy,2008,"In Proceedings of the 35th ACM SIGPLAN-SIGACT Symposium on Principles of Programming Languages. ACM, 17--27.",10.1145/1328438.1328444,PASS_NO_CHANGE,PASS_PEER_REVIEWED_SCHOLARLY_WORK_WITH_UNIQUE_DOI,PASS_DIRECT_WATERMARKING_OR_SUPPORTING_PL_CORRECTNESS_METHOD,None,"DOI, publisher or scholarly-index provenance, structured bibliography, and local citation-context audit"
r67,A Graph Theoretic Approach to Software Watermarking,Ramarathnam Venkatesan and Vijay V. Vazirani and Saurabh Sinha,2001,In Information Hiding. 157--168.,10.1007/3-540-45496-9_12,PASS_NO_CHANGE,PASS_PEER_REVIEWED_SCHOLARLY_WORK_WITH_UNIQUE_DOI,PASS_DIRECT_WATERMARKING_OR_SUPPORTING_PL_CORRECTNESS_METHOD,None,"DOI, publisher or scholarly-index provenance, structured bibliography, and local citation-context audit"
r68,Exception Handling-Based Dynamic Software Watermarking,Yilong Wang and Daofu Gong and Bin Lu and Fei Xiang and Fenlin Liu,2018,"IEEE Access 6 (2018), 8882--8889",10.1109/access.2018.2810058,PASS_NO_CHANGE,PASS_PEER_REVIEWED_SCHOLARLY_WORK_WITH_UNIQUE_DOI,PASS_DIRECT_WATERMARKING_OR_SUPPORTING_PL_CORRECTNESS_METHOD,None,"DOI, publisher or scholarly-index provenance, structured bibliography, and local citation-context audit"
r69,Finding and Understanding Bugs in C Compilers,Xuejun Yang and Yang Chen and Eric Eide and John Regehr,2011,In Proceedings of the 32nd ACM SIGPLAN Conference on Programming Language Design and Implementation. 283--294.,10.1145/1993498.1993532,PASS_NO_CHANGE,PASS_PEER_REVIEWED_SCHOLARLY_WORK_WITH_UNIQUE_DOI,PASS_DIRECT_WATERMARKING_OR_SUPPORTING_PL_CORRECTNESS_METHOD,None,"DOI, publisher or scholarly-index provenance, structured bibliography, and local citation-context audit"
r70,CoVaC: Compiler Validation by Program Analysis of the Cross-Product,Anna Zaks and Amir Pnueli,2008,In Formal Methods. 35--51.,10.1007/978-3-540-68237-0_5,PASS_NO_CHANGE,PASS_PEER_REVIEWED_SCHOLARLY_WORK_WITH_UNIQUE_DOI,PASS_DIRECT_WATERMARKING_OR_SUPPORTING_PL_CORRECTNESS_METHOD,None,"DOI, publisher or scholarly-index provenance, structured bibliography, and local citation-context audit"
r71,Formalizing the LLVM Intermediate Representation for Verified Program Transformations,Jianzhou Zhao and Santosh Nagarakatte and Milo M. K. Martin and Steve Zdancewic,2012,In Proceedings of the 39th Annual ACM SIGPLAN--SIGACT Symposium on Principles of Programming Languages. 427--440.,10.1145/2103656.2103709,PASS_NO_CHANGE,PASS_PEER_REVIEWED_SCHOLARLY_WORK_WITH_UNIQUE_DOI,PASS_DIRECT_WATERMARKING_OR_SUPPORTING_PL_CORRECTNESS_METHOD,None,"DOI, publisher or scholarly-index provenance, structured bibliography, and local citation-context audit"
r72,Formal Verification of SSA-Based Optimizations for LLVM,Jianzhou Zhao and Santosh Nagarakatte and Milo M. K. Martin and Steve Zdancewic,2013,In Proceedings of the 34th ACM SIGPLAN Conference on Programming Language Design and Implementation. 175--186.,10.1145/2462156.2462164,PASS_NO_CHANGE,PASS_PEER_REVIEWED_SCHOLARLY_WORK_WITH_UNIQUE_DOI,PASS_DIRECT_WATERMARKING_OR_SUPPORTING_PL_CORRECTNESS_METHOD,None,"DOI, publisher or scholarly-index provenance, structured bibliography, and local citation-context audit"
r73,Extraction in Software Watermarking,William Zhu and Clark D. Thomborson,2006,In Proceedings of the 8th Workshop on Multimedia and Security. 175--181.,10.1145/1161366.1161398,PASS_NO_CHANGE,PASS_PEER_REVIEWED_SCHOLARLY_WORK_WITH_UNIQUE_DOI,PASS_DIRECT_WATERMARKING_OR_SUPPORTING_PL_CORRECTNESS_METHOD,None,"DOI, publisher or scholarly-index provenance, structured bibliography, and local citation-context audit"
r74,Recognition in Software Watermarking,William Zhu and Clark D. Thomborson,2006,In Proceedings of the 4th ACM International Workshop on Contents Protection and Security. 29--36.,10.1145/1178766.1178776,PASS_NO_CHANGE,PASS_PEER_REVIEWED_SCHOLARLY_WORK_WITH_UNIQUE_DOI,PASS_DIRECT_WATERMARKING_OR_SUPPORTING_PL_CORRECTNESS_METHOD,None,"DOI, publisher or scholarly-index provenance, structured bibliography, and local citation-context audit"
r75,CompCertTSO: A Verified Compiler for Relaxed-Memory Concurrency,Jaroslav {\v S}ev{\v c}{\'i}k and Viktor Vafeiadis and Francesco Zappa Nardelli and Suresh Jagannathan and Peter Sewell,2013,"J. ACM 60, 3, Article 22 (2013), 50 pages",10.1145/2487241.2487248,PASS_AFTER_CORRECTION,PASS_PEER_REVIEWED_SCHOLARLY_WORK_WITH_UNIQUE_DOI,PASS_DIRECT_WATERMARKING_OR_SUPPORTING_PL_CORRECTNESS_METHOD,"Normalized Jaroslav Sevcik accent encoding; JACM 60(3), article 22, 50 pages, year, and DOI were rechecked.","DOI, publisher or scholarly-index provenance, structured bibliography, and local citation-context audit"
