citation_key,title,authors,year,venue_and_pages,verified_scholarly_identifier,source_locator,source_type,verification_status,metadata_note,record_sha256
r01,Foundational Proof-Carrying Code,Andrew W. Appel,2001,In Proceedings of the 16th Annual IEEE Symposium on Logic in Computer Science. 247--256.,10.1109/lics.2001.932501,https://doi.org/10.1109/lics.2001.932501,DOI registry plus publisher or scholarly-index metadata,VERIFIED_DOI_METADATA_SCHOLARLY_STATUS_AND_PROJECT_RELEVANCE,"Identifier, title, author list, year, venue or proceedings context, and direct relevance were retained from the completed bibliographic audit. This status does not claim that future registry metadata cannot change.",cfc49de3e4abccaac866e0434fe9776b1a2be5893c70f331db1671d1582101dd
r02,SMT-Based Translation Validation for Machine Learning Compiler,Seongwon Bang and Seunghyeon Nam and Inwhan Chun and Ho Young Jhoo and Juneyoung Lee,2022,In Computer Aided Verification. 386--407.,10.1007/978-3-031-13188-2_19,https://doi.org/10.1007/978-3-031-13188-2_19,DOI registry plus publisher or scholarly-index metadata,VERIFIED_DOI_METADATA_SCHOLARLY_STATUS_AND_PROJECT_RELEVANCE,"Identifier, title, author list, year, venue or proceedings context, and direct relevance were retained from the completed bibliographic audit. This status does not claim that future registry metadata cannot change.",f8c666624baf556c05944baa86255fa63fa75096c9746ad4d6a2bc39cffd86b7
r03,On the (Im)possibility of Obfuscating Programs,Boaz Barak and Oded Goldreich and Russell Impagliazzo and Steven Rudich and Amit Sahai and Salil P. Vadhan and Ke Yang,2012,"J. ACM 59, 2, Article 6 (2012), 48 pages",10.1145/2160158.2160159,https://doi.org/10.1145/2160158.2160159,DOI registry plus publisher or scholarly-index metadata,VERIFIED_DOI_METADATA_SCHOLARLY_STATUS_AND_PROJECT_RELEVANCE,"Identifier, title, author list, year, venue or proceedings context, and direct relevance were retained from the completed bibliographic audit. This status does not claim that future registry metadata cannot change.",c9d2b2945e1ec1725e1ec27b366dbaf25c0dfb11f5c20b1dbd20b3edd84e4a5c
r04,Simple Relational Correctness Proofs for Static Analyses and Program Transformations,Nick Benton,2004,"In Proceedings of the 31st ACM SIGPLAN-SIGACT Symposium on Principles of Programming Languages. ACM, 14--25.",10.1145/964001.964003,https://doi.org/10.1145/964001.964003,DOI registry plus publisher or scholarly-index metadata,VERIFIED_DOI_METADATA_SCHOLARLY_STATUS_AND_PROJECT_RELEVANCE,"Identifier, title, author list, year, venue or proceedings context, and direct relevance were retained from the completed bibliographic audit. This status does not claim that future registry metadata cannot change.",5cf3039e159fd3c18c2b2da50c67dc1b1560422394c24d0ee1fdde471f67a18f
r05,Abstract Effects and Proof-Relevant Logical Relations,Nick Benton and Martin Hofmann and Vivek Nigam,2014,In Proceedings of the 41st ACM SIGPLAN--SIGACT Symposium on Principles of Programming Languages. 619--632.,10.1145/2535838.2535869,https://doi.org/10.1145/2535838.2535869,DOI registry plus publisher or scholarly-index metadata,VERIFIED_DOI_METADATA_SCHOLARLY_STATUS_AND_PROJECT_RELEVANCE,"Identifier, title, author list, year, venue or proceedings context, and direct relevance were retained from the completed bibliographic audit. This status does not claim that future registry metadata cannot change.",f9e252ed95e2190fe96407a5db5f27f2293c7c24c9261f415bfa32fec6f94e2d
r06,Mechanized Semantics for the Clight Subset of the C Language,Sandrine Blazy and Xavier Leroy,2009,"Journal of Automated Reasoning 43, 3 (2009), 263--288",10.1007/s10817-009-9148-3,https://doi.org/10.1007/s10817-009-9148-3,DOI registry plus publisher or scholarly-index metadata,VERIFIED_DOI_METADATA_SCHOLARLY_STATUS_AND_PROJECT_RELEVANCE,"Identifier, title, author list, year, venue or proceedings context, and direct relevance were retained from the completed bibliographic audit. This status does not claim that future registry metadata cannot change.",2e74e2b7270c5defed3610fad83a58efbb5243e8205f9f0286ac3cec4a66482b
r07,Proof-Directed Parallelization Synthesis by Separation Logic,Matko Botin{\v c}an and Mike Dodds and Suresh Jagannathan,2013,"ACM Transactions on Programming Languages and Systems 35, 2, Article 8 (2013), 60 pages",10.1145/2491522.2491525,https://doi.org/10.1145/2491522.2491525,DOI registry plus publisher or scholarly-index metadata,VERIFIED_DOI_METADATA_SCHOLARLY_STATUS_AND_PROJECT_RELEVANCE,"Identifier, title, author list, year, venue or proceedings context, and direct relevance were retained from the completed bibliographic audit. This status does not claim that future registry metadata cannot change.",0e3e54f823d5b6fa78eb1d1d5bde86e7e725d9dfadc9dc6405076d1f884eb0b6
r08,Checking Interference with Fractional Permissions,John Tang Boyland,2003,In Static Analysis. 55--72.,10.1007/3-540-44898-5_4,https://doi.org/10.1007/3-540-44898-5_4,DOI registry plus publisher or scholarly-index metadata,VERIFIED_DOI_METADATA_SCHOLARLY_STATUS_AND_PROJECT_RELEVANCE,"Identifier, title, author list, year, venue or proceedings context, and direct relevance were retained from the completed bibliographic audit. This status does not claim that future registry metadata cannot change.",5dca83b37c0ee6dcf8d6ba291fcdbf7192547fe467ac9a4899af38b3aef45e86
r09,Semantic-Integrated Software Watermarking with Tamper-Proofing,Zhe Chen and Zhi Wang and Chunfu Jia,2018,"Multimedia Tools and Applications 77, 18 (2018), 11159--11178",10.1007/s11042-017-5373-7,https://doi.org/10.1007/s11042-017-5373-7,DOI registry plus publisher or scholarly-index metadata,VERIFIED_DOI_METADATA_SCHOLARLY_STATUS_AND_PROJECT_RELEVANCE,"Identifier, title, author list, year, venue or proceedings context, and direct relevance were retained from the completed bibliographic audit. This status does not claim that future registry metadata cannot change.",eee8864681c86ab404ff3ae199e6a5bface0131908d4e55fb718654c91ce20cd
r10,A Verified Compiler for an Impure Functional Language,Adam Chlipala,2010,In Proceedings of the 37th Annual ACM SIGPLAN--SIGACT Symposium on Principles of Programming Languages. 93--106.,10.1145/1707801.1706312,https://doi.org/10.1145/1707801.1706312,DOI registry plus publisher or scholarly-index metadata,VERIFIED_DOI_METADATA_SCHOLARLY_STATUS_AND_PROJECT_RELEVANCE,"Identifier, title, author list, year, venue or proceedings context, and direct relevance were retained from the completed bibliographic audit. This status does not claim that future registry metadata cannot change.",e1d1aeb2ba68d560855f18d16c0027400a7343df3431c796a931e5fa458b5fce
r11,Watermarking Cryptographic Capabilities,Aloni Cohen and Justin Holmgren and Ryo Nishimaki and Vinod Vaikuntanathan and Daniel Wichs,2018,"SIAM J. Comput. 47, 6 (2018), 2157--2202.",10.1137/18m1164834,https://doi.org/10.1137/18m1164834,DOI registry plus publisher or scholarly-index metadata,VERIFIED_DOI_METADATA_SCHOLARLY_STATUS_AND_PROJECT_RELEVANCE,"Identifier, title, author list, year, venue or proceedings context, and direct relevance were retained from the completed bibliographic audit. This status does not claim that future registry metadata cannot change.",1a4fcd9e3427fbbfb164644a76eb16f89b8b12d9c2b52f4c4b86d84af660676f
r12,A Certifying Compiler for Java,Christopher Colby and Peter Lee and George C. Necula and Fred Blau and Mark Plesko and Kenneth Cline,2000,In Proceedings of the ACM SIGPLAN Conference on Programming Language Design and Implementation. 95--107.,10.1145/358438.349315,https://doi.org/10.1145/358438.349315,DOI registry plus publisher or scholarly-index metadata,VERIFIED_DOI_METADATA_SCHOLARLY_STATUS_AND_PROJECT_RELEVANCE,"Identifier, title, author list, year, venue or proceedings context, and direct relevance were retained from the completed bibliographic audit. This status does not claim that future registry metadata cannot change.",395349a39582f2c42a938cd12952f9823e352a2b07ea5ef996db409192e4872f
r13,Dynamic Path-Based Software Watermarking,Christian S. Collberg and Edward Carter and Saumya K. Debray and Andrew Huntwork and John D. Kececioglu and Cullen Linn and Michael Stepp,2004,"In Proceedings of the ACM SIGPLAN 2004 Conference on Programming Language Design and Implementation. ACM, 107--118.",10.1145/996841.996856,https://doi.org/10.1145/996841.996856,DOI registry plus publisher or scholarly-index metadata,VERIFIED_DOI_METADATA_SCHOLARLY_STATUS_AND_PROJECT_RELEVANCE,"Identifier, title, author list, year, venue or proceedings context, and direct relevance were retained from the completed bibliographic audit. This status does not claim that future registry metadata cannot change.",b57175ee8c026cdec2039ab26803bcca24e5d875d14b3ba634ed2fc569da75d4
r14,"More on Graph Theoretic Software Watermarks: Implementation, Analysis, and Attacks",Christian S. Collberg and Andrew Huntwork and Edward Carter and Gregg M. Townsend and Michael Stepp,2009,"Information and Software Technology 51, 1 (2009), 56--67",10.1016/j.infsof.2008.09.016,https://doi.org/10.1016/j.infsof.2008.09.016,DOI registry plus publisher or scholarly-index metadata,VERIFIED_DOI_METADATA_SCHOLARLY_STATUS_AND_PROJECT_RELEVANCE,"Identifier, title, author list, year, venue or proceedings context, and direct relevance were retained from the completed bibliographic audit. This status does not claim that future registry metadata cannot change.",092229b0057cacd39e9d78cc9f519582b9d7dde7066ba8b69483a4ba5d82f103
r15,Graph-Based Approaches to Software Watermarking,Christian S. Collberg and Stephen G. Kobourov and Edward Carter and Clark D. Thomborson,2003,In Graph-Theoretic Concepts in Computer Science. 156--167.,10.1007/978-3-540-39890-5_14,https://doi.org/10.1007/978-3-540-39890-5_14,DOI registry plus publisher or scholarly-index metadata,VERIFIED_DOI_METADATA_SCHOLARLY_STATUS_AND_PROJECT_RELEVANCE,"Identifier, title, author list, year, venue or proceedings context, and direct relevance were retained from the completed bibliographic audit. This status does not claim that future registry metadata cannot change.",70a0d849a46c97e75136c702fb13d862489baf43a1bce7523fbeb7629e3c76b4
r16,SandMark---A Tool for Software Protection Research,Christian S. Collberg and Ginger Myles and Andrew Huntwork,2003,"IEEE Security \& Privacy 1, 4 (2003), 40--49",10.1109/msecp.2003.1219058,https://doi.org/10.1109/msecp.2003.1219058,DOI registry plus publisher or scholarly-index metadata,VERIFIED_DOI_METADATA_SCHOLARLY_STATUS_AND_PROJECT_RELEVANCE,"Identifier, title, author list, year, venue or proceedings context, and direct relevance were retained from the completed bibliographic audit. This status does not claim that future registry metadata cannot change.",60b95abfc9246f6514583d719c8fbddee5ea8ba6bc09b3d22f64925afce59621
r17,"Software Watermarking in the Frequency Domain: Implementation, Analysis, and Attacks",Christian S. Collberg and Tapas R. Sahoo,2005,"Journal of Computer Security 13, 5 (2005), 721--755",10.3233/jcs-2005-13503,https://doi.org/10.3233/jcs-2005-13503,DOI registry plus publisher or scholarly-index metadata,VERIFIED_DOI_METADATA_SCHOLARLY_STATUS_AND_PROJECT_RELEVANCE,"Identifier, title, author list, year, venue or proceedings context, and direct relevance were retained from the completed bibliographic audit. This status does not claim that future registry metadata cannot change.",357fc69188d6ac98b3dc19f97cc29caf629a0201f6309ccbac51c494d29fea1a
r18,Software Watermarking: Models and Dynamic Embeddings,Christian S. Collberg and Clark D. Thomborson,1999,"In Proceedings of the 26th ACM SIGPLAN-SIGACT Symposium on Principles of Programming Languages. ACM, 311--324.",10.1145/292540.292569,https://doi.org/10.1145/292540.292569,DOI registry plus publisher or scholarly-index metadata,VERIFIED_DOI_METADATA_SCHOLARLY_STATUS_AND_PROJECT_RELEVANCE,"Identifier, title, author list, year, venue or proceedings context, and direct relevance were retained from the completed bibliographic audit. This status does not claim that future registry metadata cannot change.",76fe6b4742a7fb137ea5a11d1e8a77735847ff61371da3eef1f56243bbf6eed6
r19,"Watermarking, Tamper-Proofing, and Obfuscation---Tools for Software Protection",Christian S. Collberg and Clark D. Thomborson,2002,"IEEE Transactions on Software Engineering 28, 8 (2002), 735--746.",10.1109/tse.2002.1027797,https://doi.org/10.1109/tse.2002.1027797,DOI registry plus publisher or scholarly-index metadata,VERIFIED_DOI_METADATA_SCHOLARLY_STATUS_AND_PROJECT_RELEVANCE,"Identifier, title, author list, year, venue or proceedings context, and direct relevance were retained from the completed bibliographic audit. This status does not claim that future registry metadata cannot change.",273863ecdc790ccbb60c49f398350229a99b81bc8f14f4b4188a494216fa450d
r20,"Manufacturing Cheap, Resilient, and Stealthy Opaque Constructs",Christian S. Collberg and Clark D. Thomborson and Douglas Low,1998,In Proceedings of the 25th ACM SIGPLAN--SIGACT Symposium on Principles of Programming Languages. 184--196.,10.1145/268946.268962,https://doi.org/10.1145/268946.268962,DOI registry plus publisher or scholarly-index metadata,VERIFIED_DOI_METADATA_SCHOLARLY_STATUS_AND_PROJECT_RELEVANCE,"Identifier, title, author list, year, venue or proceedings context, and direct relevance were retained from the completed bibliographic audit. This status does not claim that future registry metadata cannot change.",164359596ea8bee6e053f4ad9a687a8f2fe4eef3c491adea6b64cc735ac3800a
r21,Dynamic Graph-Based Software Fingerprinting,Christian S. Collberg and Clark D. Thomborson and Gregg M. Townsend,2007,"ACM Transactions on Programming Languages and Systems 29, 6, Article 35 (2007), 67 pages",10.1145/1286821.1286826,https://doi.org/10.1145/1286821.1286826,DOI registry plus publisher or scholarly-index metadata,VERIFIED_DOI_METADATA_SCHOLARLY_STATUS_AND_PROJECT_RELEVANCE,"Identifier, title, author list, year, venue or proceedings context, and direct relevance were retained from the completed bibliographic audit. This status does not claim that future registry metadata cannot change.",653d096c6d36640721396237ab4ed9d1464b66931e33b15fa77d41871c0cdcf3
r22,An Abstract Interpretation-Based Framework for Software Watermarking,Patrick Cousot and Radhia Cousot,2004,"In Proceedings of the 31st ACM SIGPLAN-SIGACT Symposium on Principles of Programming Languages. ACM, 173--185.",10.1145/964001.964016,https://doi.org/10.1145/964001.964016,DOI registry plus publisher or scholarly-index metadata,VERIFIED_DOI_METADATA_SCHOLARLY_STATUS_AND_PROJECT_RELEVANCE,"Identifier, title, author list, year, venue or proceedings context, and direct relevance were retained from the completed bibliographic audit. This status does not claim that future registry metadata cannot change.",63495bfd957754db1955f190f159633c8a0fa81507e40652eeb74aaf2f0af5aa
r23,Software Watermarking: Progress and Challenges,Ayan Dey and Sukriti Bhattacharya and Nabendu Chaki,2019,"INAE Letters 4, 1 (2019), 65--75",10.1007/s41403-018-0058-8,https://doi.org/10.1007/s41403-018-0058-8,DOI registry plus publisher or scholarly-index metadata,VERIFIED_DOI_METADATA_SCHOLARLY_STATUS_AND_PROJECT_RELEVANCE,"Identifier, title, author list, year, venue or proceedings context, and direct relevance were retained from the completed bibliographic audit. This status does not claim that future registry metadata cannot change.",f64efd23a37eaf30f06fec6f78c61d79420a488327360f2ea336a53dc6dd9df7
r24,A Type and Effect System for Atomicity,Cormac Flanagan and Shaz Qadeer,2003,In Proceedings of the ACM SIGPLAN Conference on Programming Language Design and Implementation. 338--349.,10.1145/781131.781169,https://doi.org/10.1145/781131.781169,DOI registry plus publisher or scholarly-index metadata,VERIFIED_DOI_METADATA_SCHOLARLY_STATUS_AND_PROJECT_RELEVANCE,"Identifier, title, author list, year, venue or proceedings context, and direct relevance were retained from the completed bibliographic audit. This status does not claim that future registry metadata cannot change.",950523a1ebcdd391afc6a63740469273fbc6007a756f9677cfff08f0499d9917
r25,A Syntactic Approach to Foundational Proof-Carrying Code,Nadeem Abdul Hamid and Zhong Shao and Valery Trifonov and Stefan Monnier and Zhaozhong Ni,2002,In Proceedings of the 17th Annual IEEE Symposium on Logic in Computer Science. 89--100.,10.1109/lics.2002.1029819,https://doi.org/10.1109/lics.2002.1029819,DOI registry plus publisher or scholarly-index metadata,VERIFIED_DOI_METADATA_SCHOLARLY_STATUS_AND_PROJECT_RELEVANCE,"Identifier, title, author list, year, venue or proceedings context, and direct relevance were retained from the completed bibliographic audit. This status does not claim that future registry metadata cannot change.",2b0a313e781f66bd6d622acabccdb49ed33cafd33c133b075fb0ae5a19096f10
r26,A Verified Optimizer for Quantum Circuits,Kesha Hietala and Robert Rand and Liyi Li and Shih-Han Hung and Xiaodi Wu and Michael Hicks,2023,"ACM Transactions on Programming Languages and Systems 45, 3, Article 18 (2023), 35 pages",10.1145/3604630,https://doi.org/10.1145/3604630,DOI registry plus publisher or scholarly-index metadata,VERIFIED_DOI_METADATA_SCHOLARLY_STATUS_AND_PROJECT_RELEVANCE,"Identifier, title, author list, year, venue or proceedings context, and direct relevance were retained from the completed bibliographic audit. This status does not claim that future registry metadata cannot change.",207c7cf1de1bbc7d55ffe3262437e57a06451591cf5f1bbe2648991559e68e18
r27,From Weak to Strong Watermarking,Nicholas J. Hopper and David Molnar and David Wagner,2007,In Theory of Cryptography. 362--382.,10.1007/978-3-540-70936-7_20,https://doi.org/10.1007/978-3-540-70936-7_20,DOI registry plus publisher or scholarly-index metadata,VERIFIED_DOI_METADATA_SCHOLARLY_STATUS_AND_PROJECT_RELEVANCE,"Identifier, title, author list, year, venue or proceedings context, and direct relevance were retained from the completed bibliographic audit. This status does not claim that future registry metadata cannot change.",17c9167866fdf34c8de479e8cc7d894274717946db429a0bb1fdf65d927499d6
r28,Crellvm: Verified Credible Compilation for LLVM,Jeehoon Kang and Yoonseung Kim and Youngju Song and Juneyoung Lee and Sanghoon Park and Mark Dongyeon Shin and Yonghyun Kim and Sungkeun Cho and Joonwon Choi and Chung-Kil Hur and Kwangkeun Yi,2018,In Proceedings of the 39th ACM SIGPLAN Conference on Programming Language Design and Implementation. 631--645.,10.1145/3192366.3192377,https://doi.org/10.1145/3192366.3192377,DOI registry plus publisher or scholarly-index metadata,VERIFIED_DOI_METADATA_SCHOLARLY_STATUS_AND_PROJECT_RELEVANCE,"Identifier, title, author list, year, venue or proceedings context, and direct relevance were retained from the completed bibliographic audit. This status does not claim that future registry metadata cannot change.",cab9e65a1106816aa340584646e4aeec1835acf5921fe23dde9aa1cefcc1af80
r29,Compiler Validation via Equivalence Modulo Inputs,Vu Le and Mehrdad Afshari and Zhendong Su,2014,In Proceedings of the 35th ACM SIGPLAN Conference on Programming Language Design and Implementation. 216--226.,10.1145/2594291.2594334,https://doi.org/10.1145/2594291.2594334,DOI registry plus publisher or scholarly-index metadata,VERIFIED_DOI_METADATA_SCHOLARLY_STATUS_AND_PROJECT_RELEVANCE,"Identifier, title, author list, year, venue or proceedings context, and direct relevance were retained from the completed bibliographic audit. This status does not claim that future registry metadata cannot change.",ccdf521332170802138a053bcb4426d18b549a0f4e2aa15d219475a18743c8c0
r30,AliveInLean: A Verified LLVM Peephole Optimization Verifier,Juneyoung Lee and Chung-Kil Hur and Nuno P. Lopes,2019,In Computer Aided Verification. 445--455.,10.1007/978-3-030-25543-5_25,https://doi.org/10.1007/978-3-030-25543-5_25,DOI registry plus publisher or scholarly-index metadata,VERIFIED_DOI_METADATA_SCHOLARLY_STATUS_AND_PROJECT_RELEVANCE,"Identifier, title, author list, year, venue or proceedings context, and direct relevance were retained from the completed bibliographic audit. This status does not claim that future registry metadata cannot change.",b2bb5ab9e0d6cf6a4a3ae52aa2a90b361fb7349061d80b6d524bfb12b068ce31
r31,An SMT Encoding of LLVM's Memory Model for Bounded Translation Validation,Juneyoung Lee and Dongjoo Kim and Chung-Kil Hur and Nuno P. Lopes,2021,In Computer Aided Verification. 752--776.,10.1007/978-3-030-81688-9_35,https://doi.org/10.1007/978-3-030-81688-9_35,DOI registry plus publisher or scholarly-index metadata,VERIFIED_DOI_METADATA_SCHOLARLY_STATUS_AND_PROJECT_RELEVANCE,"Identifier, title, author list, year, venue or proceedings context, and direct relevance were retained from the completed bibliographic audit. This status does not claim that future registry metadata cannot change.",396f24fb4b9e0a25c407b716c8790fe684f44f1121f1482750ea16f06c81b57b
r32,Automatically Proving the Correctness of Compiler Optimizations,Sorin Lerner and Todd D. Millstein and Craig Chambers,2003,"In Proceedings of the ACM SIGPLAN 2003 Conference on Programming Language Design and Implementation. ACM, 220--231.",10.1145/781131.781156,https://doi.org/10.1145/781131.781156,DOI registry plus publisher or scholarly-index metadata,VERIFIED_DOI_METADATA_SCHOLARLY_STATUS_AND_PROJECT_RELEVANCE,"Identifier, title, author list, year, venue or proceedings context, and direct relevance were retained from the completed bibliographic audit. This status does not claim that future registry metadata cannot change.",ea063e046f414a47f80e009be7e353bf5ec0ebf130168c4d2bc22d762a9ebf59
r33,"Formal Certification of a Compiler Back-End, or: Programming a Compiler with a Proof Assistant",Xavier Leroy,2006,In Proceedings of the 33rd ACM SIGPLAN--SIGACT Symposium on Principles of Programming Languages. 42--54.,10.1145/1111037.1111042,https://doi.org/10.1145/1111037.1111042,DOI registry plus publisher or scholarly-index metadata,VERIFIED_DOI_METADATA_SCHOLARLY_STATUS_AND_PROJECT_RELEVANCE,"Identifier, title, author list, year, venue or proceedings context, and direct relevance were retained from the completed bibliographic audit. This status does not claim that future registry metadata cannot change.",8be0566342d37e7d01f93c4d5ffbc1280e6e79fbe78cfa690a104f0ceb2ef4f2
r34,Formal Verification of a Realistic Compiler,Xavier Leroy,2009,"Commun. ACM 52, 7 (2009), 107--115",10.1145/1538788.1538814,https://doi.org/10.1145/1538788.1538814,DOI registry plus publisher or scholarly-index metadata,VERIFIED_DOI_METADATA_SCHOLARLY_STATUS_AND_PROJECT_RELEVANCE,"Identifier, title, author list, year, venue or proceedings context, and direct relevance were retained from the completed bibliographic audit. This status does not claim that future registry metadata cannot change.",84082d94ae7b03a1a62314846ed2bbd93c2ba6dccf5e6f45dd54781e02888b07
r35,Alive2: Bounded Translation Validation for LLVM,Nuno P. Lopes and Juneyoung Lee and Chung-Kil Hur and Zhengyang Liu and John Regehr,2021,"In Proceedings of the 42nd ACM SIGPLAN International Conference on Programming Language Design and Implementation. ACM, 65--79.",10.1145/3453483.3454030,https://doi.org/10.1145/3453483.3454030,DOI registry plus publisher or scholarly-index metadata,VERIFIED_DOI_METADATA_SCHOLARLY_STATUS_AND_PROJECT_RELEVANCE,"Identifier, title, author list, year, venue or proceedings context, and direct relevance were retained from the completed bibliographic audit. This status does not claim that future registry metadata cannot change.",b242361b166a24f919d239c88c04216b7f3881165c4c5077047e9974802ce6f3
r36,Provably Correct Peephole Optimizations with Alive,Nuno P. Lopes and David Menendez and Santosh Nagarakatte and John Regehr,2015,"In Proceedings of the 36th ACM SIGPLAN Conference on Programming Language Design and Implementation. ACM, 22--32.",10.1145/2737924.2737965,https://doi.org/10.1145/2737924.2737965,DOI registry plus publisher or scholarly-index metadata,VERIFIED_DOI_METADATA_SCHOLARLY_STATUS_AND_PROJECT_RELEVANCE,"Identifier, title, author list, year, venue or proceedings context, and direct relevance were retained from the completed bibliographic audit. This status does not claim that future registry metadata cannot change.",09892f81e2af406166f7d673619330ed0200fe4df255dec6596b3159e3d026fe
r37,Polymorphic Effect Systems,John M. Lucassen and David K. Gifford,1988,"In Proceedings of the 15th ACM SIGPLAN--SIGACT Symposium on Principles of Programming Languages. ACM, 47--57.",10.1145/73560.73564,https://doi.org/10.1145/73560.73564,DOI registry plus publisher or scholarly-index metadata,VERIFIED_DOI_METADATA_SCHOLARLY_STATUS_AND_PROJECT_RELEVANCE,"Identifier, title, author list, year, venue or proceedings context, and direct relevance were retained from the completed bibliographic audit. This status does not claim that future registry metadata cannot change.",688b5dbc47fdf725efbfb80da04c584bf0d0ef5499703c05db9ead6af4c4a7bf
r38,Xmark: Dynamic Software Watermarking Using Collatz Conjecture,Haoyu Ma and Chunfu Jia and Shijia Li and Wantong Zheng and Dinghao Wu,2019,"IEEE Transactions on Information Forensics and Security 14, 11 (2019), 2859--2874.",10.1109/tifs.2019.2908071,https://doi.org/10.1109/tifs.2019.2908071,DOI registry plus publisher or scholarly-index metadata,VERIFIED_DOI_METADATA_SCHOLARLY_STATUS_AND_PROJECT_RELEVANCE,"Identifier, title, author list, year, venue or proceedings context, and direct relevance were retained from the completed bibliographic audit. This status does not claim that future registry metadata cannot change.",b92bf108c90152029b498eca8b4e3efb652e23ee3d68c6cd2a302d34a8098240
r39,Software Watermarking Using Return-Oriented Programming,Haoyu Ma and Kangjie Lu and Xinjie Ma and Haining Zhang and Chunfu Jia and Debin Gao,2015,"In Proceedings of the 10th ACM Symposium on Information, Computer and Communications Security. 369--380.",10.1145/2714576.2714582,https://doi.org/10.1145/2714576.2714582,DOI registry plus publisher or scholarly-index metadata,VERIFIED_DOI_METADATA_SCHOLARLY_STATUS_AND_PROJECT_RELEVANCE,"Identifier, title, author list, year, venue or proceedings context, and direct relevance were retained from the completed bibliographic audit. This status does not claim that future registry metadata cannot change.",2fb54b886ea708e1910aa12dbcf9804c8ea97484e4bf2cbb9b1bb534148f8cf5
r40,A Generic Type-and-Effect System,Daniel Marino and Todd Millstein,2009,In Proceedings of the 4th International Workshop on Types in Language Design and Implementation. 39--50.,10.1145/1481861.1481868,https://doi.org/10.1145/1481861.1481868,DOI registry plus publisher or scholarly-index metadata,VERIFIED_DOI_METADATA_SCHOLARLY_STATUS_AND_PROJECT_RELEVANCE,"Identifier, title, author list, year, venue or proceedings context, and direct relevance were retained from the completed bibliographic audit. This status does not claim that future registry metadata cannot change.",0226908bc386ba383534d808b610d2895c50809b7786b176f899cba3f0f5f4e8
r41,A Practical Method for Watermarking Java Programs,Akito Monden and Hajimu Iida and Ken-ichi Matsumoto and Koji Torii and Katsuro Inoue,2000,In Proceedings of the 24th Annual International Computer Software and Applications Conference. 191--197.,10.1109/cmpsac.2000.884716,https://doi.org/10.1109/cmpsac.2000.884716,DOI registry plus publisher or scholarly-index metadata,VERIFIED_DOI_METADATA_SCHOLARLY_STATUS_AND_PROJECT_RELEVANCE,"Identifier, title, author list, year, venue or proceedings context, and direct relevance were retained from the completed bibliographic audit. This status does not claim that future registry metadata cannot change.",6e6caafb7d933fcd47cbf120668ba7bb912482ee1a791b5aaa96f8aa9c51561b
r42,From System F to Typed Assembly Language,Greg Morrisett and David Walker and Karl Crary and Neal Glew,1999,"ACM Transactions on Programming Languages and Systems 21, 3 (1999), 527--568",10.1145/319301.319345,https://doi.org/10.1145/319301.319345,DOI registry plus publisher or scholarly-index metadata,VERIFIED_DOI_METADATA_SCHOLARLY_STATUS_AND_PROJECT_RELEVANCE,"Identifier, title, author list, year, venue or proceedings context, and direct relevance were retained from the completed bibliographic audit. This status does not claim that future registry metadata cannot change.",057f61e8de0b04e5785627a8ac569c675f9f3d2c9c60f7b40c5af0f1e44adc0b
r43,"Software Watermarking Through Register Allocation: Implementation, Analysis, and Attacks",Ginger Myles and Christian S. Collberg,2004,In Information Security and Cryptology. 274--293.,10.1007/978-3-540-24691-6_21,https://doi.org/10.1007/978-3-540-24691-6_21,DOI registry plus publisher or scholarly-index metadata,VERIFIED_DOI_METADATA_SCHOLARLY_STATUS_AND_PROJECT_RELEVANCE,"Identifier, title, author list, year, venue or proceedings context, and direct relevance were retained from the completed bibliographic audit. This status does not claim that future registry metadata cannot change.",479063082feaf58ec1b6dfde9951d6d5c21d30d0140d1ea1678dce542ee3e823
r44,Self-Validating Branch-Based Software Watermarking,Ginger Myles and Hongxia Jin,2005,In Information Hiding. 342--356.,10.1007/11558859_25,https://doi.org/10.1007/11558859_25,DOI registry plus publisher or scholarly-index metadata,VERIFIED_DOI_METADATA_SCHOLARLY_STATUS_AND_PROJECT_RELEVANCE,"Identifier, title, author list, year, venue or proceedings context, and direct relevance were retained from the completed bibliographic audit. This status does not claim that future registry metadata cannot change.",f5c08561678f88da556e238a229238eaba2b7ff49b87123558f1bd40ef9b4302
r45,A Functional Taxonomy for Software Watermarking,Jasvir Nagra and Clark D. Thomborson and Christian S. Collberg,2002,"In Proceedings of the Twenty-Fifth Australasian Computer Science Conference, Vol. 4. Australian Computer Society, 177--186.",10.1145/563857.563822,https://doi.org/10.1145/563857.563822,DOI registry plus publisher or scholarly-index metadata,VERIFIED_DOI_METADATA_SCHOLARLY_STATUS_AND_PROJECT_RELEVANCE,"Identifier, title, author list, year, venue or proceedings context, and direct relevance were retained from the completed bibliographic audit. This status does not claim that future registry metadata cannot change.",4e75e9b5936f923ac3d2fe19907955e3ebc81f3b42458be90655fbc9da98a5a4
r46,Proof-Carrying Code,George C. Necula,1997,"In Proceedings of the 24th ACM SIGPLAN-SIGACT Symposium on Principles of Programming Languages. ACM, 106--119.",10.1145/263699.263712,https://doi.org/10.1145/263699.263712,DOI registry plus publisher or scholarly-index metadata,VERIFIED_DOI_METADATA_SCHOLARLY_STATUS_AND_PROJECT_RELEVANCE,"Identifier, title, author list, year, venue or proceedings context, and direct relevance were retained from the completed bibliographic audit. This status does not claim that future registry metadata cannot change.",2c346080826cd9c2faa2ad9a989a5a24f7800898c9647f9b7b45e888108b056c
r47,Translation Validation for an Optimizing Compiler,George C. Necula,2000,"In Proceedings of the ACM SIGPLAN 2000 Conference on Programming Language Design and Implementation. ACM, 83--94.",10.1145/349299.349314,https://doi.org/10.1145/349299.349314,DOI registry plus publisher or scholarly-index metadata,VERIFIED_DOI_METADATA_SCHOLARLY_STATUS_AND_PROJECT_RELEVANCE,"Identifier, title, author list, year, venue or proceedings context, and direct relevance were retained from the completed bibliographic audit. This status does not claim that future registry metadata cannot change.",f6291f1e833ba67623b23a80756b24c5057669794de451b62ae5b15905ead099
r48,The Design and Implementation of a Certifying Compiler,George C. Necula and Peter Lee,1998,In Proceedings of the ACM SIGPLAN Conference on Programming Language Design and Implementation. 333--344.,10.1145/277650.277752,https://doi.org/10.1145/277650.277752,DOI registry plus publisher or scholarly-index metadata,VERIFIED_DOI_METADATA_SCHOLARLY_STATUS_AND_PROJECT_RELEVANCE,"Identifier, title, author list, year, venue or proceedings context, and direct relevance were retained from the completed bibliographic audit. This status does not claim that future registry metadata cannot change.",baf16c3034ea619d26571f71919b9347fdc5389df37889f7f994c4aadbebbee6
r49,Experience with Software Watermarking,Jens Palsberg and S. Krishnaswamy and Minseok Kwon and Di Ma and Qiuyun Shao and Y. Zhang,2000,In Proceedings of the 16th Annual Computer Security Applications Conference. 308--316.,10.1109/acsac.2000.898885,https://doi.org/10.1109/acsac.2000.898885,DOI registry plus publisher or scholarly-index metadata,VERIFIED_DOI_METADATA_SCHOLARLY_STATUS_AND_PROJECT_RELEVANCE,"Identifier, title, author list, year, venue or proceedings context, and direct relevance were retained from the completed bibliographic audit. This status does not claim that future registry metadata cannot change.",f3aadf2e9a440494665ed36315d057fc57aaae715296898fb0d05bb4cfcfb879
r50,Translation Validation,Amir Pnueli and Michael Siegel and Eli Singerman,1998,"In Tools and Algorithms for the Construction and Analysis of Systems (Lecture Notes in Computer Science, Vol. 1384). Springer, 151--166.",10.1007/bfb0054170,https://doi.org/10.1007/bfb0054170,DOI registry plus publisher or scholarly-index metadata,VERIFIED_DOI_METADATA_SCHOLARLY_STATUS_AND_PROJECT_RELEVANCE,"Identifier, title, author list, year, venue or proceedings context, and direct relevance were retained from the completed bibliographic audit. This status does not claim that future registry metadata cannot change.",5e823c3ac80f1aa459d0069f11985952946cad6b87944fad71a888aa1c23793d
r51,Hiding Software Watermarks in Loop Structures,Mila Dalla Preda and Roberto Giacobazzi and Enrico Visentini,2008,"In Static Analysis: 15th International Symposium (Lecture Notes in Computer Science, Vol. 5079). Springer, 174--188.",10.1007/978-3-540-69166-2_12,https://doi.org/10.1007/978-3-540-69166-2_12,DOI registry plus publisher or scholarly-index metadata,VERIFIED_DOI_METADATA_SCHOLARLY_STATUS_AND_PROJECT_RELEVANCE,"Identifier, title, author list, year, venue or proceedings context, and direct relevance were retained from the completed bibliographic audit. This status does not claim that future registry metadata cannot change.",48ac469b40a2544d35bae3d3c52a2c1cb8b96379bec047aa9cc03288349409a9
r52,Exploiting Number Theory for Dynamic Software Watermarking,Mila Dalla Preda and Michele Ianni,2024,"Journal of Computer Virology and Hacking Techniques 20, 1 (2024), 41--51",10.1007/s11416-023-00489-8,https://doi.org/10.1007/s11416-023-00489-8,DOI registry plus publisher or scholarly-index metadata,VERIFIED_DOI_METADATA_SCHOLARLY_STATUS_AND_PROJECT_RELEVANCE,"Identifier, title, author list, year, venue or proceedings context, and direct relevance were retained from the completed bibliographic audit. This status does not claim that future registry metadata cannot change.",e43bef5a37cccd94a07865efaa5c3e9a6f5db35f77e0f57b0cb6ca6ae6309ddb
r53,Software Watermarking: A Semantics-Based Approach,Mila Dalla Preda and Michele Pasqua,2017,"Electronic Notes in Theoretical Computer Science 331 (2017), 71--85",10.1016/j.entcs.2017.02.005,https://doi.org/10.1016/j.entcs.2017.02.005,DOI registry plus publisher or scholarly-index metadata,VERIFIED_DOI_METADATA_SCHOLARLY_STATUS_AND_PROJECT_RELEVANCE,"Identifier, title, author list, year, venue or proceedings context, and direct relevance were retained from the completed bibliographic audit. This status does not claim that future registry metadata cannot change.",cc0b2f7d469b604f1e7ebd37e7d3cc35528f4519e7d1504660232bfcfaecb083
r54,Semantics-Based Software Watermarking by Abstract Interpretation,Mila Dalla Preda and Michele Pasqua,2019,"Mathematical Structures in Computer Science 29, 2 (2019), 339--388",10.1017/s0960129518000038,https://doi.org/10.1017/s0960129518000038,DOI registry plus publisher or scholarly-index metadata,VERIFIED_DOI_METADATA_SCHOLARLY_STATUS_AND_PROJECT_RELEVANCE,"Identifier, title, author list, year, venue or proceedings context, and direct relevance were retained from the completed bibliographic audit. This status does not claim that future registry metadata cannot change.",61d54e494cf66f95bc42471acc2ff40ed64f26cec2a584a19476eaa3424ab226
r55,Analysis of Watermarking Techniques for Graph Coloring Problem,Gang Qu and Miodrag Potkonjak,1998,In Proceedings of the IEEE/ACM International Conference on Computer-Aided Design. 190--193.,10.1145/288548.288607,https://doi.org/10.1145/288548.288607,DOI registry plus publisher or scholarly-index metadata,VERIFIED_DOI_METADATA_SCHOLARLY_STATUS_AND_PROJECT_RELEVANCE,"Identifier, title, author list, year, venue or proceedings context, and direct relevance were retained from the completed bibliographic audit. This status does not claim that future registry metadata cannot change.",70b4fc0901b272ddba29d7aefac67312789f4345038a747668227f93bb0305d6
r56,Hiding Signatures in Graph Coloring Solutions,Gang Qu and Miodrag Potkonjak,2000,In Information Hiding. 348--367.,10.1007/10719724_24,https://doi.org/10.1007/10719724_24,DOI registry plus publisher or scholarly-index metadata,VERIFIED_DOI_METADATA_SCHOLARLY_STATUS_AND_PROJECT_RELEVANCE,"Identifier, title, author list, year, venue or proceedings context, and direct relevance were retained from the completed bibliographic audit. This status does not claim that future registry metadata cannot change.",32b2f96f4b4111e3736a1ed5f819db5e57246ef233c486ca435e6a86b9429bf5
r57,Separation Logic: A Logic for Shared Mutable Data Structures,John C. Reynolds,2002,In Proceedings of the 17th Annual IEEE Symposium on Logic in Computer Science. 55--74.,10.1109/lics.2002.1029817,https://doi.org/10.1109/lics.2002.1029817,DOI registry plus publisher or scholarly-index metadata,VERIFIED_DOI_METADATA_SCHOLARLY_STATUS_AND_PROJECT_RELEVANCE,"Identifier, title, author list, year, venue or proceedings context, and direct relevance were retained from the completed bibliographic audit. This status does not claim that future registry metadata cannot change.",9a58c2b585ea59af7b55a20f3fab0b81f7664dd5e502a0fa845865fcd15541d0
r58,Commutativity Analysis: A New Analysis Technique for Parallelizing Compilers,Martin C. Rinard and Pedro C. Diniz,1997,"ACM Transactions on Programming Languages and Systems 19, 6 (1997), 942--991",10.1145/267959.269968,https://doi.org/10.1145/267959.269968,DOI registry plus publisher or scholarly-index metadata,VERIFIED_DOI_METADATA_SCHOLARLY_STATUS_AND_PROJECT_RELEVANCE,"Identifier, title, author list, year, venue or proceedings context, and direct relevance were retained from the completed bibliographic audit. This status does not claim that future registry metadata cannot change.",bac25cd23acea831574813d3079622cf864555ed298c9edab8f52a42aa21222c
r59,Protecting Software through Obfuscation: Can It Keep Pace with Progress in Code Analysis?,Sebastian Schrittwieser and Stefan Katzenbeisser and Johannes Kinder and Georg Merzdovnik and Edgar Weippl,2016,"ACM Computing Surveys 49, 1, Article 4 (2016), 37 pages",10.1145/2886012,https://doi.org/10.1145/2886012,DOI registry plus publisher or scholarly-index metadata,VERIFIED_DOI_METADATA_SCHOLARLY_STATUS_AND_PROJECT_RELEVANCE,"Identifier, title, author list, year, venue or proceedings context, and direct relevance were retained from the completed bibliographic audit. This status does not claim that future registry metadata cannot change.",a7464ee48d4b548549b124ffaac905de04ad2c584907faf1bbb5633fd45b02cd
r60,Interactive Abstract Interpretation with Demanded Summarization,Benno Stein and Bor-Yuh Evan Chang and Manu Sridharan,2024,"ACM Transactions on Programming Languages and Systems 46, 1, Article 4 (2024), 40 pages.",10.1145/3648441,https://doi.org/10.1145/3648441,DOI registry plus publisher or scholarly-index metadata,VERIFIED_DOI_METADATA_SCHOLARLY_STATUS_AND_PROJECT_RELEVANCE,"Identifier, title, author list, year, venue or proceedings context, and direct relevance were retained from the completed bibliographic audit. This status does not claim that future registry metadata cannot change.",cb1db9ebbaf2b2d2761ece551c4a7791545f24f11ad6ef5cbda4d1ab2b9db363
r61,Robust Object Watermarking: Application to Code,"Julien P. Stern and Ga{\""e}l Hachez and Fran{\c c}ois Koeune and Jean-Jacques Quisquater",2000,In Information Hiding. 368--378.,10.1007/10719724_25,https://doi.org/10.1007/10719724_25,DOI registry plus publisher or scholarly-index metadata,VERIFIED_DOI_METADATA_SCHOLARLY_STATUS_AND_PROJECT_RELEVANCE,"Identifier, title, author list, year, venue or proceedings context, and direct relevance were retained from the completed bibliographic audit. This status does not claim that future registry metadata cannot change.",d1bdd0d54c98ba5b15601cbd81a22d5cbd0f68646e8bf113a6dbefa450f3d5e2
r62,The Type and Effect Discipline,Jean-Pierre Talpin and Pierre Jouvelot,1994,"Information and Computation 111, 2 (1994), 245--296",10.1006/inco.1994.1046,https://doi.org/10.1006/inco.1994.1046,DOI registry plus publisher or scholarly-index metadata,VERIFIED_DOI_METADATA_SCHOLARLY_STATUS_AND_PROJECT_RELEVANCE,"Identifier, title, author list, year, venue or proceedings context, and direct relevance were retained from the completed bibliographic audit. This status does not claim that future registry metadata cannot change.",ff17ebb45d16100b7c324b4dad4cbabd09e84be952782d31b231b066868fd2f1
r63,Equality Saturation: A New Approach to Optimization,Ross Tate and Michael Stepp and Zachary Tatlock and Sorin Lerner,2011,"Logical Methods in Computer Science 7, 1, Article 10 (2011), 1--37.",10.2168/lmcs-7(1:10)2011,https://doi.org/10.2168/lmcs-7(1:10)2011,DOI registry plus publisher or scholarly-index metadata,VERIFIED_DOI_METADATA_SCHOLARLY_STATUS_AND_PROJECT_RELEVANCE,"Identifier, title, author list, year, venue or proceedings context, and direct relevance were retained from the completed bibliographic audit. This status does not claim that future registry metadata cannot change.",77f7a8cbf08b607561deaea8fc7affba0f958363cc23775bcb8e54835d9c0dd3
r64,Region-Based Memory Management,Mads Tofte and Jean-Pierre Talpin,1997,"Information and Computation 132, 2 (1997), 109--176",10.1006/inco.1996.2613,https://doi.org/10.1006/inco.1996.2613,DOI registry plus publisher or scholarly-index metadata,VERIFIED_DOI_METADATA_SCHOLARLY_STATUS_AND_PROJECT_RELEVANCE,"Identifier, title, author list, year, venue or proceedings context, and direct relevance were retained from the completed bibliographic audit. This status does not claim that future registry metadata cannot change.",f6d905bc052cc6c2baae37a3015908e03b22be541dc8da422de218ddbe4e3929
r65,Evaluating Value-Graph Translation Validation for LLVM,Jean-Baptiste Tristan and Paul Govereau and Greg Morrisett,2011,In Proceedings of the 32nd ACM SIGPLAN Conference on Programming Language Design and Implementation. 295--305.,10.1145/1993498.1993533,https://doi.org/10.1145/1993498.1993533,DOI registry plus publisher or scholarly-index metadata,VERIFIED_DOI_METADATA_SCHOLARLY_STATUS_AND_PROJECT_RELEVANCE,"Identifier, title, author list, year, venue or proceedings context, and direct relevance were retained from the completed bibliographic audit. This status does not claim that future registry metadata cannot change.",53db82e3b42a957c3dcfc882f59c93df5b1d3312b3289cadf7e5feecb42fcebf
r66,Formal Verification of Translation Validators: A Case Study on Instruction Scheduling Optimizations,Jean-Baptiste Tristan and Xavier Leroy,2008,"In Proceedings of the 35th ACM SIGPLAN-SIGACT Symposium on Principles of Programming Languages. ACM, 17--27.",10.1145/1328438.1328444,https://doi.org/10.1145/1328438.1328444,DOI registry plus publisher or scholarly-index metadata,VERIFIED_DOI_METADATA_SCHOLARLY_STATUS_AND_PROJECT_RELEVANCE,"Identifier, title, author list, year, venue or proceedings context, and direct relevance were retained from the completed bibliographic audit. This status does not claim that future registry metadata cannot change.",9554df5fa37b8fa1e225ae1d6b1325f24237a204814d6435ab05cddfb04c9abb
r67,A Graph Theoretic Approach to Software Watermarking,Ramarathnam Venkatesan and Vijay V. Vazirani and Saurabh Sinha,2001,In Information Hiding. 157--168.,10.1007/3-540-45496-9_12,https://doi.org/10.1007/3-540-45496-9_12,DOI registry plus publisher or scholarly-index metadata,VERIFIED_DOI_METADATA_SCHOLARLY_STATUS_AND_PROJECT_RELEVANCE,"Identifier, title, author list, year, venue or proceedings context, and direct relevance were retained from the completed bibliographic audit. This status does not claim that future registry metadata cannot change.",fb35a86e74772b2f9afc3ed519c027627430c044494bdfebd3051f516bd51e91
r68,Exception Handling-Based Dynamic Software Watermarking,Yilong Wang and Daofu Gong and Bin Lu and Fei Xiang and Fenlin Liu,2018,"IEEE Access 6 (2018), 8882--8889",10.1109/access.2018.2810058,https://doi.org/10.1109/access.2018.2810058,DOI registry plus publisher or scholarly-index metadata,VERIFIED_DOI_METADATA_SCHOLARLY_STATUS_AND_PROJECT_RELEVANCE,"Identifier, title, author list, year, venue or proceedings context, and direct relevance were retained from the completed bibliographic audit. This status does not claim that future registry metadata cannot change.",9e760b4073b37e4c1290ee94ec6c5bfec4ad3a7b53e5f6ee9f53679ce8c21a92
r69,Finding and Understanding Bugs in C Compilers,Xuejun Yang and Yang Chen and Eric Eide and John Regehr,2011,In Proceedings of the 32nd ACM SIGPLAN Conference on Programming Language Design and Implementation. 283--294.,10.1145/1993498.1993532,https://doi.org/10.1145/1993498.1993532,DOI registry plus publisher or scholarly-index metadata,VERIFIED_DOI_METADATA_SCHOLARLY_STATUS_AND_PROJECT_RELEVANCE,"Identifier, title, author list, year, venue or proceedings context, and direct relevance were retained from the completed bibliographic audit. This status does not claim that future registry metadata cannot change.",b3520366b2166b18f6b8810f10dd18d32dfaccda30f32a067d1e4ae0826a3aba
r70,CoVaC: Compiler Validation by Program Analysis of the Cross-Product,Anna Zaks and Amir Pnueli,2008,In Formal Methods. 35--51.,10.1007/978-3-540-68237-0_5,https://doi.org/10.1007/978-3-540-68237-0_5,DOI registry plus publisher or scholarly-index metadata,VERIFIED_DOI_METADATA_SCHOLARLY_STATUS_AND_PROJECT_RELEVANCE,"Identifier, title, author list, year, venue or proceedings context, and direct relevance were retained from the completed bibliographic audit. This status does not claim that future registry metadata cannot change.",890f7b9d7304152b186998b166045b67f655a84a3b30ca7cdcfcb935358169f3
r71,Formalizing the LLVM Intermediate Representation for Verified Program Transformations,Jianzhou Zhao and Santosh Nagarakatte and Milo M. K. Martin and Steve Zdancewic,2012,In Proceedings of the 39th Annual ACM SIGPLAN--SIGACT Symposium on Principles of Programming Languages. 427--440.,10.1145/2103656.2103709,https://doi.org/10.1145/2103656.2103709,DOI registry plus publisher or scholarly-index metadata,VERIFIED_DOI_METADATA_SCHOLARLY_STATUS_AND_PROJECT_RELEVANCE,"Identifier, title, author list, year, venue or proceedings context, and direct relevance were retained from the completed bibliographic audit. This status does not claim that future registry metadata cannot change.",041a71429cb91b14a06568174b1d2312faa10dbff81034f75b7869049a71b8ff
r72,Formal Verification of SSA-Based Optimizations for LLVM,Jianzhou Zhao and Santosh Nagarakatte and Milo M. K. Martin and Steve Zdancewic,2013,In Proceedings of the 34th ACM SIGPLAN Conference on Programming Language Design and Implementation. 175--186.,10.1145/2462156.2462164,https://doi.org/10.1145/2462156.2462164,DOI registry plus publisher or scholarly-index metadata,VERIFIED_DOI_METADATA_SCHOLARLY_STATUS_AND_PROJECT_RELEVANCE,"Identifier, title, author list, year, venue or proceedings context, and direct relevance were retained from the completed bibliographic audit. This status does not claim that future registry metadata cannot change.",860f312bcf01cfcd4cee04f56c6feca84898f5d965b44e5f46f1d678ec1ab9ca
r73,Extraction in Software Watermarking,William Zhu and Clark D. Thomborson,2006,In Proceedings of the 8th Workshop on Multimedia and Security. 175--181.,10.1145/1161366.1161398,https://doi.org/10.1145/1161366.1161398,DOI registry plus publisher or scholarly-index metadata,VERIFIED_DOI_METADATA_SCHOLARLY_STATUS_AND_PROJECT_RELEVANCE,"Identifier, title, author list, year, venue or proceedings context, and direct relevance were retained from the completed bibliographic audit. This status does not claim that future registry metadata cannot change.",fbbe440e85bebff76a9204de127b81614006c1a6a9241f16089c0bdee4d951e4
r74,Recognition in Software Watermarking,William Zhu and Clark D. Thomborson,2006,In Proceedings of the 4th ACM International Workshop on Contents Protection and Security. 29--36.,10.1145/1178766.1178776,https://doi.org/10.1145/1178766.1178776,DOI registry plus publisher or scholarly-index metadata,VERIFIED_DOI_METADATA_SCHOLARLY_STATUS_AND_PROJECT_RELEVANCE,"Identifier, title, author list, year, venue or proceedings context, and direct relevance were retained from the completed bibliographic audit. This status does not claim that future registry metadata cannot change.",4276a25dda68236c56062e8dd91f93c93131dccc89f248135867cb726c25ee89
r75,CompCertTSO: A Verified Compiler for Relaxed-Memory Concurrency,Jaroslav {\v S}ev{\v c}{\'i}k and Viktor Vafeiadis and Francesco Zappa Nardelli and Suresh Jagannathan and Peter Sewell,2013,"J. ACM 60, 3, Article 22 (2013), 50 pages",10.1145/2487241.2487248,https://doi.org/10.1145/2487241.2487248,DOI registry plus publisher or scholarly-index metadata,VERIFIED_DOI_METADATA_SCHOLARLY_STATUS_AND_PROJECT_RELEVANCE,"Identifier, title, author list, year, venue or proceedings context, and direct relevance were retained from the completed bibliographic audit. This status does not claim that future registry metadata cannot change.",1cae84d4f06e83a88d7051a89f6f7807e2ec2686f2b4ce3118390fbfa43b7eed
