doi,title,year,reference_count,count_method,source_locator,scope_note
10.1145/3665643,(De/Re)-Composition of Data-Parallel Computations via Multi-Dimensional Homomorphisms,2024,136,full-text numbered reference-list entry count,https://doi.org/10.1145/3665643,Recent TOPLAS research article; complete numbered list ends at reference 136.
10.1145/3649308,Homeostasis: Design and Implementation of a Self-Stabilizing Compiler,2024,75,full-text reference-list entry count,https://doi.org/10.1145/3649308,Recent close TOPLAS paper unless marked as older closest-method anchor.
10.1145/3648441,Interactive Abstract Interpretation with Demanded Summarization,2024,88,full-text reference-list entry count,https://doi.org/10.1145/3648441,Recent close TOPLAS paper unless marked as older closest-method anchor.
10.1145/3648439,"Locally Abstract, Globally Concrete Semantics of Concurrent Programming Languages",2024,89,full-text reference-list entry count,https://doi.org/10.1145/3648439,Recent close TOPLAS paper unless marked as older closest-method anchor.
10.1145/3660630,Proving Correctness of Parallel Implementations of Transition System Models,2024,60,full-text reference-list entry count,https://doi.org/10.1145/3660630,Recent close TOPLAS paper unless marked as older closest-method anchor.
10.1145/3604630,A Verified Optimizer for Quantum Circuits,2023,60,full-text reference-list entry count,https://doi.org/10.1145/3604630,Recent close TOPLAS paper unless marked as older closest-method anchor.
10.1145/3593374,Passport: Improving Automated Formal Verification Using Identifiers,2023,61,full-text reference-list entry count,https://doi.org/10.1145/3593374,Recent close TOPLAS paper unless marked as older closest-method anchor.
10.1145/3594736,Side-Channel Elimination via Partial Control-Flow Linearization,2023,54,full-text reference-list entry count,https://doi.org/10.1145/3594736,Recent close TOPLAS paper unless marked as older closest-method anchor.
10.1145/3552519,A Type Discipline for Message Passing Parallel Programs,2022,84,full-text reference-list entry count,https://doi.org/10.1145/3552519,Recent close TOPLAS paper unless marked as older closest-method anchor.
10.1145/3547656,Bounded Abstract Effects,2022,60,full-text reference-list entry count,https://doi.org/10.1145/3547656,Recent close TOPLAS paper unless marked as older closest-method anchor.
10.1145/3551497,Relational Program Logic with Data Abstraction and Dynamic Framing,2022,88,full-text reference-list entry count,https://doi.org/10.1145/3551497,Recent close TOPLAS paper unless marked as older closest-method anchor.
10.1145/3505273,What’s Decidable About Causally Consistent Shared Memory?,2022,69,full-text reference-list entry count,https://doi.org/10.1145/3505273,Recent close TOPLAS paper unless marked as older closest-method anchor.
