program_id,family,index,bindings,candidates,selected,payload_bits,header_bits,operand,identity,adjacent,source_bytes,target_bytes,certificate_bytes,descriptor_rich_bytes,analysis_ms,discovery_ms,selection_ms,embed_ms,check_ms,reference_check_ms,derivation_ms,evaluation_ms,peak_rss_kb_after_program
pure-arithmetic-00,pure-arithmetic,0,37,23,23,18,5,14,7,2,2268,2244,288,5301,0.082415,0.483063,0.133222,0.873896,1.692469,1.441348,5.495653,2.482479,96296
pure-arithmetic-01,pure-arithmetic,1,35,23,23,18,5,14,8,1,2136,2160,288,5301,0.119721,0.41493,0.126452,0.807326,1.74521,1.349348,5.30916,2.372442,96296
pure-arithmetic-02,pure-arithmetic,2,37,23,23,18,5,18,3,2,2319,2343,288,5301,0.084208,0.472136,0.129446,0.897573,1.924121,1.518776,6.039029,2.572366,96296
pure-arithmetic-03,pure-arithmetic,3,33,23,23,18,5,18,5,0,2033,2057,288,5297,0.076606,0.712852,0.877863,1.503833,1.810839,1.533829,5.379908,2.394595,96296
pure-arithmetic-04,pure-arithmetic,4,39,23,23,18,5,13,7,3,2446,2422,288,5306,0.084949,0.562904,0.128165,0.884963,1.771249,1.478745,6.405195,2.651596,96296
pure-arithmetic-05,pure-arithmetic,5,35,23,23,18,5,14,8,1,2137,2185,288,5305,0.07905,0.431054,0.123868,0.816199,1.827885,1.391873,5.411205,2.493386,96296
pure-arithmetic-06,pure-arithmetic,6,41,23,23,18,5,13,6,4,2552,2576,288,5306,0.086001,0.4742,0.13204,1.009412,1.820454,1.708574,6.222878,2.905081,96296
pure-arithmetic-07,pure-arithmetic,7,39,23,23,18,5,13,7,3,2373,2349,288,5306,0.086662,0.435852,0.128726,0.870401,1.756476,1.42282,6.182406,2.52927,96296
pure-arithmetic-08,pure-arithmetic,8,39,23,23,18,5,16,4,3,2421,2469,288,5303,0.086271,0.504456,0.134595,0.898184,1.814224,1.529382,5.947599,2.864379,96296
pure-arithmetic-09,pure-arithmetic,9,39,23,23,18,5,17,3,3,2449,2425,288,5306,0.134454,0.515302,0.133153,1.103705,1.937541,1.736927,6.78454,2.604714,96296
pure-arithmetic-10,pure-arithmetic,10,43,23,23,18,5,12,6,5,2702,2606,288,5307,0.106441,0.517326,0.132802,1.020249,2.005174,1.854315,7.872953,3.778867,96296
pure-arithmetic-11,pure-arithmetic,11,39,23,23,18,5,16,4,3,2472,2448,288,5303,0.093582,0.46798,0.154134,1.353795,2.614019,1.894977,6.114102,3.167529,96296
pure-arithmetic-12,pure-arithmetic,12,43,23,23,18,5,11,7,5,2678,2654,288,5308,0.095154,0.456292,0.153763,1.207553,2.080569,2.243867,6.412125,3.552594,96296
pure-arithmetic-13,pure-arithmetic,13,41,23,23,18,5,14,5,4,2527,2551,288,5310,0.094924,0.460489,0.135305,0.896181,1.938553,1.759161,7.763267,2.758638,96296
pure-arithmetic-14,pure-arithmetic,14,43,23,23,18,5,16,2,5,2756,2732,288,5304,0.100392,0.524646,0.139882,1.157267,2.010332,1.893174,7.308256,3.33322,96296
pure-arithmetic-15,pure-arithmetic,15,37,23,23,18,5,12,9,2,2289,2217,288,5303,0.082855,0.429312,0.124529,1.064086,1.681213,1.507458,6.783969,2.439403,96296
pure-arithmetic-16,pure-arithmetic,16,37,23,23,18,5,15,6,2,2267,2267,288,5301,0.0792,0.458526,0.128986,0.844492,1.856519,1.420436,6.097998,2.730616,96296
pure-arithmetic-17,pure-arithmetic,17,39,23,23,18,5,14,6,3,2447,2423,288,5305,0.104909,0.497595,0.133342,1.200793,1.925464,1.603515,5.991797,2.664244,96296
pure-arithmetic-18,pure-arithmetic,18,33,23,23,18,5,17,6,0,2034,2082,288,5298,0.078679,0.417574,0.121034,0.793845,1.640411,1.32875,5.862904,2.617387,96296
pure-arithmetic-19,pure-arithmetic,19,37,23,23,18,5,14,7,2,2244,2292,288,5302,0.081524,0.444462,0.127853,0.904267,1.87174,1.407117,7.603444,2.629074,96296
pure-arithmetic-20,pure-arithmetic,20,37,23,23,18,5,17,4,2,2341,2317,288,5298,0.104438,0.557794,0.136086,0.885027,1.742955,1.569182,6.464843,2.664228,96296
pure-arithmetic-21,pure-arithmetic,21,41,23,23,18,5,13,6,4,2552,2528,288,5307,0.090888,0.457511,0.134203,0.897106,1.870488,1.735554,6.246743,2.999685,96296
pure-arithmetic-22,pure-arithmetic,22,35,23,23,18,5,18,4,1,2213,2141,288,5297,0.083747,0.441017,0.149436,0.835774,1.760421,1.535021,5.668028,2.524967,96296
pure-arithmetic-23,pure-arithmetic,23,37,23,23,18,5,15,6,2,2317,2245,288,5304,0.078969,0.507508,0.160562,0.888573,1.701102,1.433587,5.996685,2.459178,96296
pure-arithmetic-24,pure-arithmetic,24,37,23,23,18,5,16,5,2,2291,2339,288,5299,0.081063,0.458864,0.127373,0.854332,1.799601,1.454959,5.985358,2.673432,96296
pure-arithmetic-25,pure-arithmetic,25,37,23,23,18,5,17,4,2,2294,2318,288,5302,0.080342,0.46951,0.128344,0.863966,1.866201,1.547099,6.12507,2.646481,96296
pure-arithmetic-26,pure-arithmetic,26,37,23,23,18,5,14,7,2,2314,2290,288,5309,0.082795,0.45641,0.126131,0.836465,1.71338,1.451153,5.875813,2.529734,96424
pure-arithmetic-27,pure-arithmetic,27,39,23,23,18,5,12,8,3,2420,2396,288,5303,0.083647,0.432243,0.133902,0.86668,2.044181,1.756916,6.1715,2.673422,96424
pure-arithmetic-28,pure-arithmetic,28,37,23,23,18,5,16,5,2,2268,2316,288,5303,0.082004,0.462099,0.130116,0.880331,1.732099,1.463652,5.996336,2.601472,96424
pure-arithmetic-29,pure-arithmetic,29,69,39,39,33,6,19,10,10,4177,4249,303,8819,0.143127,0.796774,0.238301,1.531976,5.58288,2.93706,11.959119,4.72949,96552
pure-arithmetic-30,pure-arithmetic,30,59,39,39,33,6,25,9,5,3607,3631,303,8814,0.141694,0.744375,0.220843,1.645878,2.843548,2.596155,10.17395,4.154851,96552
pure-arithmetic-31,pure-arithmetic,31,57,39,39,33,6,31,4,4,3576,3552,303,8807,0.1389,0.769994,0.219973,1.506116,2.887295,2.809247,10.368584,4.027358,96552
pure-arithmetic-32,pure-arithmetic,32,55,39,39,33,6,20,16,3,3266,3338,303,8818,0.134002,0.671826,0.206492,1.524715,2.683977,2.167988,11.039659,3.703138,96552
pure-arithmetic-33,pure-arithmetic,33,63,39,39,33,6,22,10,7,3908,3788,303,8821,0.145931,0.897567,0.450371,1.691137,3.400971,2.723487,11.961954,5.735631,96552
pure-arithmetic-34,pure-arithmetic,34,59,39,39,33,6,22,12,5,3575,3599,303,8814,0.163346,0.788142,0.248445,1.433177,2.792261,2.351615,13.54685,4.12068,96552
pure-arithmetic-35,pure-arithmetic,35,52,38,38,32,6,28,8,2,3133,3181,302,8590,0.123457,0.719898,0.209236,1.277461,2.986635,2.565448,9.838062,3.735427,96552
pure-arithmetic-36,pure-arithmetic,36,54,38,38,32,6,24,11,3,3212,3260,302,8594,0.176046,1.05813,0.420215,1.62704,2.925312,2.212184,10.55058,4.02808,96552
pure-arithmetic-37,pure-arithmetic,37,60,38,38,32,6,26,6,6,3696,3720,302,8598,0.135765,0.794061,0.220834,1.543183,3.113867,2.713232,11.502799,4.383636,96552
pure-arithmetic-38,pure-arithmetic,38,54,38,38,32,6,23,12,3,3260,3332,302,8595,0.128724,0.702372,0.228135,1.308158,3.04903,2.479478,9.822389,3.985044,96552
pure-arithmetic-39,pure-arithmetic,39,56,38,38,32,6,25,9,4,3390,3414,302,8590,0.12621,0.865859,0.217058,1.340356,2.972103,2.358956,9.822109,4.325419,96552
dependence-heavy-00,dependence-heavy,0,29,15,15,11,4,7,6,2,1805,1829,281,3553,0.081914,0.306273,0.08557,0.704084,1.258593,1.015535,3.978865,1.950779,96552
dependence-heavy-01,dependence-heavy,1,29,15,15,11,4,10,3,2,1829,1829,281,3554,0.061593,0.319713,0.108494,0.634459,1.2636,1.104089,4.422726,2.158703,96552
dependence-heavy-02,dependence-heavy,2,33,15,15,11,4,8,3,4,2113,2113,281,3552,0.366835,0.453195,0.096566,0.697565,1.42887,1.200875,4.641496,2.342552,96552
dependence-heavy-03,dependence-heavy,3,33,15,15,11,4,6,5,4,2063,2063,281,3556,0.091057,0.322478,0.093191,0.665176,1.364262,1.123148,4.708528,2.267357,96552
dependence-heavy-04,dependence-heavy,4,29,15,15,11,4,8,5,2,1829,1805,281,3548,0.069496,0.315347,0.086551,0.589031,1.510523,1.039402,4.011364,2.43438,96552
dependence-heavy-05,dependence-heavy,5,31,15,15,11,4,9,3,3,1981,1981,281,3551,0.068544,0.331812,0.091048,0.657864,1.397572,1.130959,4.370747,2.236682,96552
dependence-heavy-06,dependence-heavy,6,31,15,15,11,4,9,3,3,2009,1985,281,3556,0.069385,0.359032,0.091128,0.6681,1.425375,1.152392,4.810603,2.712235,96552
dependence-heavy-07,dependence-heavy,7,35,15,15,11,4,7,3,5,2221,2245,281,3561,0.080341,0.37659,0.098579,0.852509,1.489692,1.281748,5.070756,2.554071,96552
dependence-heavy-08,dependence-heavy,8,37,15,15,11,4,7,2,6,2371,2395,281,3557,0.083556,0.472134,0.128424,0.7543,1.690736,1.424193,5.666406,2.96396,96552
dependence-heavy-09,dependence-heavy,9,49,23,23,18,5,10,5,8,3088,3112,288,5315,0.109776,0.750895,0.15247,2.312025,2.413719,2.094827,7.644958,3.998054,96552
dependence-heavy-10,dependence-heavy,10,51,23,23,18,5,7,7,9,3220,3172,288,5316,0.121654,0.513326,0.15206,1.056007,2.163841,2.153596,8.098432,4.196685,96552
dependence-heavy-11,dependence-heavy,11,49,23,23,18,5,11,4,8,3066,3042,288,5316,0.113742,0.752658,0.15219,1.143318,2.326036,1.945992,7.313947,3.62462,96680
dependence-heavy-12,dependence-heavy,12,45,23,23,18,5,11,6,6,2857,2857,288,5312,0.107242,0.513666,0.165931,1.065211,1.981655,1.684327,7.005781,4.068661,96680
dependence-heavy-13,dependence-heavy,13,43,23,23,18,5,14,4,5,2702,2678,288,5309,0.101674,0.573537,0.177107,1.056507,2.015146,2.625679,7.470844,3.377626,96680
dependence-heavy-14,dependence-heavy,14,41,23,23,18,5,12,7,4,2526,2550,288,5311,0.096816,0.473226,0.13279,0.916255,1.83827,1.53509,6.038729,2.801115,96680
dependence-heavy-15,dependence-heavy,15,47,23,23,18,5,9,7,7,2914,2890,288,5314,0.09951,0.488299,0.164209,1.07176,2.422092,2.717288,6.753921,3.301241,96680
dependence-heavy-16,dependence-heavy,16,51,23,23,18,5,10,4,9,3220,3196,288,5318,0.115364,0.530862,0.153462,1.07831,2.190933,1.949988,7.361909,3.688586,96680
dependence-heavy-17,dependence-heavy,17,45,23,23,18,5,7,10,6,2778,2730,288,5316,0.102355,0.47623,0.139761,0.952239,2.200236,1.754322,7.013092,3.020977,96680
dependence-heavy-18,dependence-heavy,18,40,23,23,18,5,12,7,4,2466,2490,288,5307,0.094303,0.547558,0.134053,0.894853,2.07754,1.57461,6.082506,2.860525,96680
dependence-heavy-19,dependence-heavy,19,34,23,23,18,5,16,6,1,2128,2104,288,5303,0.081093,0.426836,0.127223,0.839649,1.679088,1.381008,5.517932,2.290763,96680
dependence-heavy-20,dependence-heavy,20,46,23,23,18,5,11,5,7,2880,2880,288,5316,0.100782,0.624614,0.149406,1.030178,3.070632,1.791999,6.887281,3.285827,96680
dependence-heavy-21,dependence-heavy,21,44,23,23,18,5,14,3,6,2799,2775,288,5309,0.149957,0.579185,0.147363,1.000342,2.517396,1.743756,8.329983,3.280399,96680
dependence-heavy-22,dependence-heavy,22,46,23,23,18,5,10,6,7,2830,2902,288,5309,0.101724,0.593237,0.145189,1.023958,2.211403,1.893112,6.825679,3.384186,96680
dependence-heavy-23,dependence-heavy,23,48,23,23,18,5,11,4,8,3030,3006,288,5314,0.11206,0.553496,0.151779,1.063628,2.139194,1.993474,7.351123,3.365287,96680
dependence-heavy-24,dependence-heavy,24,41,22,22,17,5,11,6,5,2579,2531,287,5092,0.099751,0.478423,0.133212,0.895223,1.862195,1.566598,6.671886,2.756507,96680
dependence-heavy-25,dependence-heavy,25,39,22,22,17,5,11,7,4,2428,2404,287,5084,0.094302,0.444872,0.127823,1.000102,1.947535,1.489611,6.432024,2.748295,96680
dependence-heavy-26,dependence-heavy,26,39,22,22,17,5,10,8,4,2377,2377,287,5085,0.088213,0.443451,0.130226,0.84665,1.740841,1.490964,5.914506,2.62634,96680
dependence-heavy-27,dependence-heavy,27,41,22,22,17,5,15,2,5,2635,2587,287,5085,0.098169,0.506657,0.137819,0.961125,3.13027,1.808048,6.442306,3.043819,96680
dependence-heavy-28,dependence-heavy,28,41,22,22,17,5,11,6,5,2553,2601,287,5090,0.098499,0.481689,0.259813,1.005252,1.919677,1.57174,6.611061,2.847171,96680
dependence-heavy-29,dependence-heavy,29,37,22,22,17,5,9,10,3,2250,2274,287,5090,0.087202,0.505566,0.124749,0.985963,1.978806,1.9023,5.984753,2.623382,96680
dependence-heavy-30,dependence-heavy,30,41,22,22,17,5,11,6,5,2582,2582,287,5089,0.093031,0.460818,0.155085,0.905462,1.878926,1.560533,6.296054,2.999883,96680
dependence-heavy-31,dependence-heavy,31,37,22,22,17,5,12,7,3,2324,2252,287,5088,0.089155,0.424222,0.129005,0.83871,1.745303,1.425048,5.918733,2.546186,96680
dependence-heavy-32,dependence-heavy,32,47,22,22,17,5,6,8,8,2872,2824,287,5097,0.098749,0.471675,0.170498,0.980465,2.105358,1.671431,6.705424,3.105573,96680
dependence-heavy-33,dependence-heavy,33,45,22,22,17,5,12,3,7,2869,2821,287,5091,0.134954,0.524484,0.143468,0.986894,2.175395,1.712042,6.744674,3.364114,96680
dependence-heavy-34,dependence-heavy,34,47,22,22,17,5,6,8,8,2944,2896,287,5097,0.133442,0.486828,0.139982,0.947415,1.983934,1.659032,6.636911,3.185033,96680
dependence-heavy-35,dependence-heavy,35,51,22,22,17,5,10,2,10,3250,3226,287,5093,0.122986,0.661963,0.156868,1.172205,2.242576,1.909302,8.395653,3.554593,96680
dependence-heavy-36,dependence-heavy,36,47,22,22,17,5,11,3,8,2944,2944,287,5092,0.133352,0.564795,0.143337,1.025193,2.079218,1.916232,7.301186,3.727073,96680
dependence-heavy-37,dependence-heavy,37,35,22,22,17,5,14,6,2,2195,2171,287,5085,0.093582,0.447788,0.12563,0.927654,1.72998,1.50516,5.58023,2.415488,96680
dependence-heavy-38,dependence-heavy,38,51,22,22,17,5,8,4,10,3228,3252,287,5092,0.113341,0.543393,0.155175,1.203483,2.354165,1.845654,10.157561,3.672031,96680
dependence-heavy-39,dependence-heavy,39,47,22,22,17,5,7,7,8,2946,2946,287,5100,0.109797,0.501599,0.162105,1.065934,2.025497,1.775438,6.672214,3.626101,96680
region-state-00,region-state,0,41,14,14,10,4,1,4,9,2572,2548,280,3347,0.119611,0.367997,0.103106,0.774744,1.608886,1.333249,5.655435,2.825449,96680
region-state-01,region-state,1,37,14,14,10,4,4,3,7,2311,2311,280,3341,0.091348,0.404432,0.101173,0.734452,1.566071,1.304645,4.927332,2.737786,96680
region-state-02,region-state,2,35,14,14,10,4,5,3,6,2232,2232,280,3335,0.086281,0.344512,0.097658,0.724747,1.499351,1.251565,4.729602,2.500867,96680
region-state-03,region-state,3,35,14,14,10,4,1,7,6,2159,2111,280,3344,0.083586,0.315007,0.0925,0.695102,1.428844,1.140847,5.279525,2.506235,96680
region-state-04,region-state,4,35,14,14,10,4,6,2,6,2183,2183,280,3338,0.082295,0.350952,0.097939,0.813122,1.656889,1.445199,4.962545,2.577283,96680
region-state-05,region-state,5,35,14,14,10,4,4,4,6,2186,2210,280,3340,0.08574,0.357461,0.097277,0.704276,1.464408,1.283003,4.750093,4.703813,96680
region-state-06,region-state,6,31,14,14,10,4,4,6,4,1926,1902,280,3333,0.076235,0.34966,0.088174,0.711417,1.360901,1.096661,4.143164,3.042427,96680
region-state-07,region-state,7,31,14,14,10,4,6,4,4,1904,1928,280,3340,0.07279,0.33656,0.088394,0.62748,1.28715,1.077702,4.234082,2.147712,96680
region-state-08,region-state,8,35,14,14,10,4,3,5,6,2185,2185,280,3345,0.095064,0.329278,0.096046,0.684677,1.406741,1.176031,4.58332,2.402037,96680
region-state-09,region-state,9,33,14,14,10,4,4,5,5,2054,2054,280,3338,0.078339,0.319013,0.09254,0.862587,1.527413,1.128239,4.385541,2.333243,96680
region-state-10,region-state,10,37,14,14,10,4,5,2,7,2361,2337,280,3340,0.084007,0.382218,0.119401,0.761353,1.506862,1.296543,4.971428,2.624374,96680
region-state-11,region-state,11,29,14,14,10,4,7,4,3,1819,1819,280,3333,0.072379,0.319604,0.088434,0.603113,1.297014,1.054697,4.103694,2.087111,96680
region-state-12,region-state,12,31,14,14,10,4,6,4,4,1951,1951,280,3335,0.080622,0.326424,0.091349,0.650906,1.361051,1.12256,4.462667,2.160702,96680
region-state-13,region-state,13,33,14,14,10,4,5,4,5,2033,2057,280,3339,0.074993,0.328658,0.094243,0.683064,1.383985,1.183923,4.716372,2.285571,96680
region-state-14,region-state,14,35,14,14,10,4,6,2,6,2211,2211,280,3339,0.085319,0.381338,0.099862,0.74597,1.536457,1.265736,4.829944,2.490051,96680
region-state-15,region-state,15,37,14,14,10,4,3,4,7,2334,2310,280,3345,0.089816,0.365634,0.13209,0.761514,1.516587,1.299858,5.241858,3.32827,96680
region-state-16,region-state,16,37,14,14,10,4,4,3,7,2335,2335,280,3341,0.090537,0.36363,0.101974,0.736285,1.600393,1.341681,5.185552,2.624194,96680
region-state-17,region-state,17,29,14,14,10,4,5,6,3,1769,1769,280,3339,0.069726,0.364833,0.084549,0.607139,1.183733,1.22188,4.091647,1.980079,96680
region-state-18,region-state,18,47,22,22,17,5,6,8,8,2832,2880,287,5099,0.100242,0.509161,0.143428,1.100116,1.995332,1.76316,7.038318,3.718421,96680
region-state-19,region-state,19,51,22,22,17,5,5,7,10,3087,3159,287,5102,0.110918,0.543263,0.153762,1.08308,2.144668,1.820487,8.189392,3.548754,96680
region-state-20,region-state,20,49,22,22,17,5,8,5,9,3035,3011,287,5095,0.182206,0.583804,0.150518,1.130822,4.060288,1.792845,10.438907,3.448943,96680
region-state-21,region-state,21,51,22,22,17,5,9,3,10,3166,3238,287,5091,0.123958,0.560889,0.154855,1.070662,4.527256,1.948711,7.985904,4.57609,96680
region-state-22,region-state,22,51,22,22,17,5,5,7,10,3162,3114,287,5102,0.120463,0.535331,0.160824,1.048959,2.17236,1.773626,7.476421,3.454852,96680
region-state-23,region-state,23,49,22,22,17,5,7,6,9,3031,2959,287,5097,0.182296,0.572837,0.147974,1.02378,2.514719,1.939848,9.257378,3.436914,96680
region-state-24,region-state,24,49,22,22,17,5,5,8,9,3005,3029,287,5102,0.111389,0.612828,0.146922,1.007306,2.961014,1.799745,6.957135,3.381901,96680
region-state-25,region-state,25,47,22,22,17,5,3,11,8,2805,2757,287,5096,0.107903,0.471935,0.140643,0.913924,1.887788,1.606112,6.531791,3.067025,96680
region-state-26,region-state,26,47,22,22,17,5,9,5,8,2929,2953,287,5094,0.111499,0.535581,0.14539,1.023329,2.059149,1.741086,6.908021,3.397054,96680
region-state-27,region-state,27,51,22,22,17,5,4,8,10,3186,3066,287,5099,0.120293,0.520418,0.150208,1.018362,2.110896,1.755558,7.160082,3.397926,96808
region-state-28,region-state,28,45,22,22,17,5,11,4,7,2754,2778,287,5092,0.21783,0.502892,0.146703,1.075509,2.00765,1.678582,6.659184,3.056277,96808
region-state-29,region-state,29,55,22,22,17,5,5,5,12,3419,3443,287,5102,0.145601,0.564675,0.155566,1.098463,2.270128,1.919587,7.592887,3.743729,96808
region-state-30,region-state,30,51,22,22,17,5,7,5,10,3165,3141,287,5097,0.13197,0.62058,0.157819,1.093937,2.367666,1.90179,7.690005,3.729978,96808
region-state-31,region-state,31,47,22,22,17,5,5,9,8,2878,2806,287,5098,0.116557,0.487528,0.140903,0.949829,1.965256,1.624389,6.645213,3.181067,96808
region-state-32,region-state,32,37,22,22,17,5,10,9,3,2256,2184,287,5089,0.095905,0.411012,0.127803,0.896087,1.738403,1.385458,5.54081,2.491122,96808
region-state-33,region-state,33,55,22,22,17,5,4,6,12,3397,3373,287,5101,0.118479,0.544404,0.159001,1.074116,2.241224,2.241444,7.473628,3.651188,96808
region-state-34,region-state,34,59,22,22,17,5,6,2,14,3728,3728,287,5101,0.144008,0.629233,0.17232,1.273919,2.504282,2.093961,10.42713,4.093048,96808
region-state-35,region-state,35,45,22,22,17,5,10,5,7,2753,2777,287,5095,0.115234,0.629644,0.142316,0.963999,1.990744,1.798093,6.7156,3.271925,96808
region-state-36,region-state,36,53,22,22,17,5,6,5,11,3312,3312,287,5097,0.12502,0.553548,0.15849,1.073495,2.268395,1.880628,7.583964,3.619081,96808
region-state-37,region-state,37,44,21,21,16,5,10,4,7,2736,2760,286,4874,0.108244,0.481959,0.13858,0.943419,2.142344,1.651992,6.912708,3.107726,96808
region-state-38,region-state,38,50,21,21,16,5,6,5,10,3102,3102,286,4877,0.111338,0.522231,0.146161,1.039354,2.215424,1.814347,9.141733,3.514152,96808
region-state-39,region-state,39,44,21,21,16,5,12,2,7,2767,2767,286,4872,0.153212,0.507428,0.299584,1.139576,2.260383,2.17872,8.745312,4.192058,96808
ordered-trace-00,ordered-trace,0,30,15,15,11,4,10,2,3,1895,1895,281,3552,0.089035,0.431884,0.095945,0.797107,1.517088,1.167558,4.967713,2.288215,96808
ordered-trace-01,ordered-trace,1,38,15,15,11,4,6,2,7,2431,2431,281,3558,0.091508,0.429059,0.104919,0.860202,1.721046,1.352388,6.205067,3.848938,96808
ordered-trace-02,ordered-trace,2,32,15,15,11,4,7,4,4,1995,1971,281,3557,0.080231,0.334266,0.093962,0.675723,1.553052,1.556777,5.005931,2.410299,96808
ordered-trace-03,ordered-trace,3,26,15,15,11,4,11,3,1,1634,1610,281,3549,0.064468,0.377702,0.203208,0.652378,1.337225,1.020455,4.621568,1.976503,96808
ordered-trace-04,ordered-trace,4,32,15,15,11,4,10,1,4,2021,2045,281,3552,0.074052,0.423882,0.097437,0.799019,1.59807,1.193607,6.119558,2.301154,96808
ordered-trace-05,ordered-trace,5,32,15,15,11,4,6,5,4,1974,2022,281,3558,0.076115,0.329499,0.106121,0.862887,1.870752,1.312297,4.789643,3.52652,96808
ordered-trace-06,ordered-trace,6,41,24,24,19,5,13,7,4,2544,2544,289,5526,0.091469,1.428533,0.141294,1.295161,2.452884,1.782499,6.938718,2.994284,96808
ordered-trace-07,ordered-trace,7,49,24,24,19,5,7,9,8,2988,2964,289,5534,0.15154,0.5086,0.155886,1.319849,2.729183,2.684055,8.493702,3.711891,96808
ordered-trace-08,ordered-trace,8,45,24,24,19,5,9,9,6,2728,2728,289,5530,0.108885,0.659749,0.170308,1.081909,2.037956,2.003423,7.60707,4.029141,96808
ordered-trace-09,ordered-trace,9,37,24,24,19,5,15,7,2,2260,2236,289,5520,0.094353,0.46881,0.133031,1.13586,2.546806,1.778543,6.549237,2.537182,96808
ordered-trace-10,ordered-trace,10,53,24,24,19,5,6,8,10,3293,3245,289,5535,0.123246,0.531344,0.172701,1.067627,2.544514,2.367736,8.732023,4.302896,96808
ordered-trace-11,ordered-trace,11,51,24,24,19,5,12,3,9,3218,3194,289,5533,0.165,0.661542,0.226443,1.14908,2.744026,2.312842,9.120371,5.582273,96808
ordered-trace-12,ordered-trace,12,43,24,24,19,5,12,7,5,2602,2626,289,5531,0.109576,0.486797,0.143888,1.310524,2.614119,2.043555,6.797113,3.262641,96808
ordered-trace-13,ordered-trace,13,47,24,24,19,5,11,6,7,2904,2928,289,5533,0.110007,0.563663,0.169887,1.001146,2.204228,2.367386,7.469081,3.946426,96808
ordered-trace-14,ordered-trace,14,41,24,24,19,5,12,8,4,2496,2472,289,5527,0.097197,0.480077,0.139351,1.000045,2.08661,1.625772,6.720216,3.302731,96808
ordered-trace-15,ordered-trace,15,41,24,24,19,5,12,8,4,2493,2565,289,5531,0.121404,0.507308,0.140793,1.03729,2.121372,1.716179,6.641677,3.073044,96808
ordered-trace-16,ordered-trace,16,39,24,24,19,5,11,10,3,2361,2265,289,5532,0.090237,0.456532,0.135916,0.893773,1.738433,1.445739,5.918201,3.293157,96808
ordered-trace-17,ordered-trace,17,47,24,24,19,5,13,4,7,2954,2978,289,5526,0.12576,0.577765,0.150718,1.566803,2.739228,2.065227,8.648166,3.80375,96808
ordered-trace-18,ordered-trace,18,49,24,24,19,5,12,4,8,3086,3086,289,5527,0.115976,0.606458,0.158139,1.134107,2.269987,1.878174,7.609323,5.016707,96808
ordered-trace-19,ordered-trace,19,37,24,24,19,5,12,10,2,2235,2139,289,5524,0.09218,0.498174,0.130989,0.83225,1.686393,1.709669,5.471596,2.883056,96808
ordered-trace-20,ordered-trace,20,51,24,24,19,5,9,6,9,3188,3188,289,5536,0.112551,0.547198,0.155916,1.078193,2.172581,2.111788,7.403111,3.607703,96808
ordered-trace-21,ordered-trace,21,47,24,24,19,5,12,5,7,2910,2934,289,5533,0.113021,0.515661,0.168835,1.0167,2.369187,1.814908,7.267125,3.230152,96808
ordered-trace-22,ordered-trace,22,47,24,24,19,5,9,8,7,2884,2860,289,5536,0.10572,0.512446,0.146792,0.984541,2.109654,1.69664,7.651096,3.312767,96808
ordered-trace-23,ordered-trace,23,47,24,24,19,5,8,9,7,2858,2954,289,5535,0.112971,0.517243,0.148244,1.061888,2.216026,1.775218,8.600684,3.306226,96808
ordered-trace-24,ordered-trace,24,45,24,24,19,5,14,4,6,2829,2829,289,5527,0.110267,0.56105,0.150728,1.042608,2.419914,2.018506,7.067453,3.502103,96808
ordered-trace-25,ordered-trace,25,39,24,24,19,5,17,4,3,2415,2415,289,5526,0.105299,0.50836,0.193283,0.965952,1.899356,1.903051,6.31941,2.863086,96808
ordered-trace-26,ordered-trace,26,55,24,24,19,5,7,6,11,3468,3396,289,5534,0.129206,0.577444,0.165691,1.130572,2.477111,2.064276,7.781964,3.826835,96936
ordered-trace-27,ordered-trace,27,41,24,24,19,5,12,8,4,2519,2543,289,5531,0.104889,0.467058,0.141785,0.952012,2.092689,1.594835,6.746276,3.008986,96936
ordered-trace-28,ordered-trace,28,47,24,24,19,5,10,7,7,2860,2884,289,5534,0.109106,0.499817,0.170178,1.004562,2.405403,1.833867,7.047562,3.596537,96936
ordered-trace-29,ordered-trace,29,41,24,24,19,5,14,6,4,2498,2570,289,5525,0.099571,0.504043,0.14548,1.027897,2.198379,1.840186,6.595337,2.913412,96936
ordered-trace-30,ordered-trace,30,35,24,24,19,5,15,8,1,2131,2107,289,5520,0.084187,0.452075,0.130187,0.923269,1.869151,1.52532,5.999725,2.574318,96936
ordered-trace-31,ordered-trace,31,51,24,24,19,5,7,8,9,3166,3214,289,5536,0.128484,0.537203,0.155105,1.053676,2.191689,1.815209,7.50825,3.81674,96936
ordered-trace-32,ordered-trace,32,41,24,24,19,5,14,6,4,2545,2521,289,5526,0.115515,0.474889,0.140613,0.929638,1.962521,1.574695,8.582006,2.917208,96936
ordered-trace-33,ordered-trace,33,45,24,24,19,5,14,4,6,2801,2849,289,5527,0.213283,0.523042,0.147864,1.087848,2.168714,1.797692,7.19794,3.455683,96936
ordered-trace-34,ordered-trace,34,41,24,24,19,5,15,5,4,2567,2519,289,5521,0.107203,0.626179,0.174013,0.979413,2.196366,1.644771,6.664361,2.938119,96936
ordered-trace-35,ordered-trace,35,47,24,24,19,5,10,7,7,2904,2832,289,5533,0.103126,0.516773,0.150919,1.236102,2.164218,1.727927,7.242607,3.105653,96936
ordered-trace-36,ordered-trace,36,51,24,24,19,5,7,8,9,3188,3116,289,5533,0.121333,0.535451,0.227294,1.085063,2.189987,1.839506,7.522241,3.491186,96936
ordered-trace-37,ordered-trace,37,43,24,24,19,5,10,9,5,2624,2648,289,5529,0.106572,0.487459,0.142436,0.935257,2.001731,1.984064,6.830414,3.168198,96936
ordered-trace-38,ordered-trace,38,40,23,23,18,5,10,9,4,2481,2433,288,5307,0.101834,0.45585,0.2047,0.974476,1.827637,1.513392,7.473387,2.961074,96936
ordered-trace-39,ordered-trace,39,50,23,23,18,5,9,5,9,3107,3107,288,5312,0.134534,0.620049,0.148905,1.06314,2.242446,2.141012,8.49288,3.886756,96936
branches-00,branches,0,36,15,15,11,4,2,7,6,2375,2399,281,3559,0.123767,0.342439,0.096406,0.778299,1.535866,1.277434,5.182938,2.664584,96936
branches-01,branches,1,36,15,15,11,4,6,3,6,2424,2400,281,3562,0.091859,0.377011,0.102265,0.771678,1.688357,1.401983,5.420709,2.938079,96936
branches-02,branches,2,44,15,15,11,4,1,4,10,2939,2939,281,3567,0.113842,0.417393,0.111539,0.860533,1.924444,2.638115,6.276505,3.57899,96936
branches-03,branches,3,42,15,15,11,4,5,1,9,2816,2840,281,3559,0.111969,0.52151,0.110768,0.890188,1.824433,1.533112,5.788145,3.31473,96936
branches-04,branches,4,36,15,15,11,4,5,4,6,2379,2403,281,3559,0.09919,0.36318,0.137318,0.764688,1.619803,1.375432,5.092562,2.729163,96936
branches-05,branches,5,42,15,15,11,4,4,2,9,2817,2841,281,3564,0.0986,0.404402,0.110787,0.865421,1.872966,1.494824,6.053547,3.849139,96936
branches-06,branches,6,40,15,15,11,4,6,1,8,2682,2706,281,3558,0.099731,0.427277,0.111208,0.852681,1.71656,1.469685,5.812813,2.979983,96936
branches-07,branches,7,42,15,15,11,4,1,5,9,2766,2790,281,3567,0.09928,0.453556,0.110317,0.870899,1.707866,1.504248,5.596885,3.232165,96936
branches-08,branches,8,38,15,15,11,4,4,4,7,2555,2531,281,3557,0.113542,0.371433,0.10543,0.788664,1.621726,1.339308,5.199824,2.976257,96936
branches-09,branches,9,31,14,14,10,4,5,5,4,2106,2058,280,3339,0.083716,0.318092,0.153552,0.694141,1.375353,1.105694,4.301904,2.389148,96936
branches-10,branches,10,35,14,14,10,4,4,4,6,2313,2337,280,3344,0.085139,0.362559,0.094443,0.70012,1.474784,1.20885,4.740709,2.573898,96936
branches-11,branches,11,39,14,14,10,4,2,4,8,2577,2625,280,3343,0.09264,0.35604,0.120493,0.783236,1.603268,1.309653,5.133113,2.894764,96936
branches-12,branches,12,37,14,14,10,4,5,2,7,2469,2493,280,3343,0.089055,0.385013,0.100392,0.760932,1.581885,1.309473,5.336621,2.726118,96936
branches-13,branches,13,53,22,22,17,5,5,6,11,3397,3493,287,5099,0.127603,0.527579,0.148284,1.073355,2.345742,1.893898,7.21817,3.884553,96936
branches-14,branches,14,49,22,22,17,5,6,7,9,3186,3138,287,5099,0.121163,0.498765,0.149997,1.081227,2.116024,1.790392,6.806738,3.504386,96936
branches-15,branches,15,49,22,22,17,5,7,6,9,3191,3167,287,5098,0.126362,0.493547,0.144329,1.165435,2.119229,1.793997,6.772416,3.498217,96936
branches-16,branches,16,49,22,22,17,5,9,4,9,3214,3214,287,5094,0.119782,0.525766,0.143537,1.061267,2.109524,1.80283,6.981812,4.009812,96936
branches-17,branches,17,49,22,22,17,5,6,7,9,3187,3163,287,5094,0.122646,0.513848,0.143667,1.123401,2.078207,1.853226,7.114514,3.604669,96936
branches-18,branches,18,57,22,22,17,5,4,5,13,3680,3704,287,5103,0.173373,0.577645,0.154864,1.413992,2.515079,1.996823,8.005473,4.164667,97064
branches-19,branches,19,55,22,22,17,5,4,6,12,3551,3551,287,5103,0.129016,0.672288,0.15829,1.127667,2.392472,1.966728,7.999624,4.259511,97064
branches-20,branches,20,55,22,22,17,5,3,7,12,3573,3501,287,5104,0.128875,0.618937,0.15184,1.100336,2.364351,2.041321,9.227122,3.971394,97064
branches-21,branches,21,51,22,22,17,5,8,4,10,3346,3346,287,5099,0.216578,0.532867,0.144379,1.09603,2.286883,1.896291,7.565066,3.805693,97064
branches-22,branches,22,51,22,22,17,5,4,8,10,3294,3246,287,5099,0.127283,0.502541,0.147834,1.097292,2.284179,1.771913,7.276979,3.796028,97064
branches-23,branches,23,49,22,22,17,5,5,8,9,3116,3140,287,5098,0.118629,0.478502,0.140973,1.02835,2.068668,1.716478,6.795734,3.569871,97064
branches-24,branches,24,51,22,22,17,5,6,6,10,3292,3268,287,5101,0.260903,0.654907,0.17935,1.063393,2.293147,1.847565,7.360706,3.850114,97064
branches-25,branches,25,49,22,22,17,5,6,7,9,3214,3142,287,5097,0.122725,0.495417,0.165008,1.020388,2.108799,1.75181,7.631304,4.368515,97064
branches-26,branches,26,57,22,22,17,5,4,5,13,3708,3780,287,5103,0.13901,0.568567,0.157067,1.141661,2.561101,2.011553,8.021021,4.512872,97064
branches-27,branches,27,55,22,22,17,5,5,5,12,3600,3576,287,5102,0.138339,0.56365,0.153922,1.351267,2.41465,1.948207,7.60239,3.991296,97064
branches-28,branches,28,55,22,22,17,5,3,7,12,3553,3577,287,5102,0.136916,0.546904,0.154282,1.148461,2.256922,1.941406,8.20557,4.602248,97064
branches-29,branches,29,55,22,22,17,5,5,5,12,3600,3576,287,5102,0.155685,0.634957,0.155744,1.145406,2.340428,1.952273,8.22622,3.963344,97064
branches-30,branches,30,47,22,22,17,5,3,11,8,2961,2961,287,5101,0.113822,0.470109,0.137317,0.953537,1.936109,1.599651,6.424665,3.304622,97064
branches-31,branches,31,45,22,22,17,5,8,7,7,2880,2928,287,5095,0.108694,0.496138,0.140212,0.978225,1.964491,1.66461,6.588421,4.234202,97064
branches-32,branches,32,51,22,22,17,5,6,6,10,3293,3269,287,5095,0.12586,0.622719,0.147683,1.075761,2.256211,1.836128,7.156077,3.68808,97064
branches-33,branches,33,55,22,22,17,5,4,6,12,3527,3575,287,5100,0.130266,0.559864,0.171499,1.242232,2.357504,1.942008,7.735981,4.492593,97064
branches-34,branches,34,61,22,22,17,5,2,5,15,3986,3938,287,5105,0.147212,0.584792,0.159511,1.224677,2.469062,2.110662,8.420213,4.29212,97064
branches-35,branches,35,51,22,22,17,5,7,5,10,3322,3346,287,5096,0.135734,0.546654,0.148894,1.067159,2.234508,1.833174,7.289979,3.932177,97064
branches-36,branches,36,49,22,22,17,5,5,8,9,3093,3093,287,5098,0.127953,0.50391,0.141153,1.022031,2.263372,1.768345,7.473496,3.868582,97064
branches-37,branches,37,49,22,22,17,5,8,5,9,3141,3213,287,5099,0.123686,0.503649,0.16609,1.041019,2.243852,2.089039,7.738244,3.760689,97064
branches-38,branches,38,49,22,22,17,5,4,9,9,3140,3116,287,5097,0.127662,0.565964,0.173712,2.12288,3.078521,1.822087,7.921732,3.812046,97064
branches-39,branches,39,51,22,22,17,5,6,6,10,3343,3343,287,5097,0.187212,0.579413,0.147062,1.077705,2.873802,1.893945,7.673927,4.662709,97064
mixed-00,mixed,0,40,15,15,11,4,5,2,8,2527,2527,281,3560,0.108193,0.413623,0.109304,0.889531,1.675866,1.509155,5.571759,3.22446,97064
mixed-01,mixed,1,46,15,15,11,4,2,2,11,2861,2861,281,3566,0.124708,0.417539,0.115384,0.889901,1.794686,1.51271,7.01172,3.193334,97064
mixed-02,mixed,2,42,15,15,11,4,6,0,9,2656,2656,281,3559,0.112069,0.419522,0.109555,0.878434,1.860454,1.789848,5.622116,3.359655,97064
mixed-03,mixed,3,32,15,15,11,4,10,1,4,1983,2007,281,3550,0.33826,0.414184,0.096595,0.803982,1.492219,1.366039,4.585843,2.58769,97064
mixed-04,mixed,4,38,15,15,11,4,7,1,7,2395,2395,281,3559,0.0928,0.421015,0.10568,0.786065,1.590958,1.541544,5.437756,2.776425,97064
mixed-05,mixed,5,40,15,15,11,4,7,0,8,2525,2525,281,3559,0.096456,0.434064,0.496248,1.02793,2.827071,1.751039,5.534893,3.508529,97064
mixed-06,mixed,6,42,15,15,11,4,5,1,9,2629,2629,281,3563,0.103006,0.423769,0.111908,0.913667,1.6979,1.767795,6.120706,4.282496,97064
mixed-07,mixed,7,46,15,15,11,4,4,0,11,2914,2914,281,3562,0.108584,0.520435,0.115974,0.927678,1.874676,1.965563,6.46825,3.796443,97064
mixed-08,mixed,8,40,15,15,11,4,4,3,8,2476,2524,281,3561,0.100061,0.462357,0.136686,0.771313,1.634664,1.40614,5.573031,3.042807,97064
mixed-09,mixed,9,34,15,15,11,4,8,2,5,2090,2114,281,3554,0.113271,0.360814,0.098038,0.710611,1.721195,1.380691,5.195612,2.418285,97064
mixed-10,mixed,10,38,15,15,11,4,8,0,7,2396,2396,281,3560,0.091678,0.411601,0.105338,1.551559,1.664509,1.480732,5.797159,2.916967,97064
mixed-11,mixed,11,38,15,15,11,4,5,3,7,2369,2345,281,3563,0.090497,0.422056,0.105539,0.937543,1.660514,1.543376,5.052967,2.760821,97064
mixed-12,mixed,12,36,15,15,11,4,6,3,6,2240,2240,281,3562,0.084778,0.374314,0.09953,0.730922,1.524738,1.270565,5.00855,2.773691,97064
mixed-13,mixed,13,41,14,14,10,4,4,1,9,2567,2591,280,3341,0.127462,0.484951,0.108123,0.832625,1.724209,1.627654,5.444517,3.159863,97064
mixed-14,mixed,14,39,14,14,10,4,6,0,8,2466,2466,280,3340,0.092078,0.406503,0.099029,0.785614,1.622175,1.490056,5.618659,2.911499,97064
mixed-15,mixed,15,35,14,14,10,4,5,3,6,2158,2158,280,3341,0.08627,0.339772,0.095174,0.710531,1.540252,1.325548,4.774628,2.980793,97064
mixed-16,mixed,16,43,14,14,10,4,2,2,10,2696,2696,280,3347,0.101383,0.397008,0.10648,0.855279,1.92407,1.63212,5.83129,3.189218,97064
mixed-17,mixed,17,41,14,14,10,4,4,1,9,2571,2595,280,3344,0.100672,0.39163,0.135114,0.795299,1.694524,1.424147,5.567202,2.950898,97064
mixed-18,mixed,18,41,14,14,10,4,3,2,9,2546,2570,280,3343,0.095875,0.381425,0.104717,0.78934,1.762367,1.367732,5.601564,2.797036,97064
mixed-19,mixed,19,37,14,14,10,4,7,0,7,2337,2337,280,3337,0.090186,0.493915,0.098298,0.846536,1.550788,1.645891,5.264536,2.829526,97064
mixed-20,mixed,20,35,14,14,10,4,6,2,6,2180,2156,280,3342,0.081984,0.346512,0.096014,0.789049,1.599712,1.310014,5.059437,2.571786,97064
mixed-21,mixed,21,37,14,14,10,4,5,2,7,2287,2311,280,3340,0.083626,0.35787,0.101193,0.741517,1.516366,1.556506,5.497677,2.551676,97064
mixed-22,mixed,22,63,22,22,17,5,5,1,16,3962,3962,287,5100,0.136716,0.700266,0.169846,1.295113,3.001905,2.329702,8.627806,4.389467,97192
mixed-23,mixed,23,45,22,22,17,5,14,1,7,2823,2823,287,5090,0.125069,0.614306,0.144518,1.009231,2.160347,1.733814,7.273915,3.427387,97192
mixed-24,mixed,24,67,22,22,17,5,3,1,18,4241,4241,287,5105,0.16553,0.68308,0.174573,1.363325,2.731375,3.237727,9.457615,5.302501,97192
mixed-25,mixed,25,51,22,22,17,5,9,3,10,3161,3185,287,5096,0.131509,0.547618,0.152961,1.058551,2.183853,1.829757,7.785836,3.640306,97192
mixed-26,mixed,26,49,22,22,17,5,9,4,9,3003,3003,287,5090,0.139281,0.502841,0.144098,1.006022,2.09578,1.89156,6.925806,3.48409,97192
mixed-27,mixed,27,59,22,22,17,5,7,1,14,3725,3701,287,5101,0.138279,0.703925,0.164318,1.210411,2.450477,2.066626,8.717035,4.936597,97192
mixed-28,mixed,28,59,22,22,17,5,8,0,14,3729,3729,287,5095,0.146692,0.596211,0.163677,1.245224,2.483046,2.104523,8.8197,4.2377,97192
mixed-29,mixed,29,57,22,22,17,5,6,3,13,3546,3522,287,5101,0.139421,0.578796,0.160673,1.24281,2.304265,2.342693,8.193443,4.002805,97192
mixed-30,mixed,30,57,22,22,17,5,8,1,13,3572,3572,287,5099,0.155435,0.718707,0.159791,1.31529,2.448614,2.210153,7.860039,3.913369,97192
mixed-31,mixed,31,59,22,22,17,5,8,0,14,3729,3729,287,5099,0.140393,0.699979,0.190729,1.210451,2.460642,2.213027,8.441809,4.60821,97192
mixed-32,mixed,32,51,22,22,17,5,9,3,10,3182,3182,287,5098,0.129766,0.527098,0.166552,1.168167,2.33451,2.20159,7.663731,3.850364,97192
mixed-33,mixed,33,57,22,22,17,5,7,2,13,3574,3550,287,5100,0.133772,0.572376,0.161675,1.194316,2.374892,1.997722,7.862392,3.890054,97192
mixed-34,mixed,34,45,22,22,17,5,10,5,7,2773,2725,287,5089,0.115995,0.484723,0.140973,0.966542,2.1818,1.658097,6.78974,3.245008,97192
mixed-35,mixed,35,55,22,22,17,5,10,0,12,3470,3470,287,5094,0.130537,0.57493,0.159641,1.158583,3.491962,2.571209,8.555802,3.909723,97192
mixed-36,mixed,36,53,22,22,17,5,8,3,11,3289,3313,287,5093,0.167183,1.556755,0.157969,1.27567,2.293268,2.014196,8.114634,3.895602,97192
mixed-37,mixed,37,59,22,22,17,5,6,2,14,3727,3727,287,5099,0.138229,0.611475,0.160533,1.169548,2.58449,2.187839,8.190368,4.708371,97192
mixed-38,mixed,38,63,22,22,17,5,6,0,16,3984,3984,287,5101,0.153072,0.641971,0.174995,1.450374,3.006998,2.323574,8.81254,4.473096,97192
mixed-39,mixed,39,59,22,22,17,5,6,2,14,3699,3699,287,5101,0.153823,0.785848,0.166082,1.233015,2.729529,2.105474,13.067746,4.254615,97192
random-00,random,0,42,15,15,11,4,4,2,9,2697,2721,281,3565,0.111389,0.419705,0.114524,0.877467,2.016259,1.614622,5.708094,2.95546,97192
random-01,random,1,32,15,15,11,4,6,5,4,1976,2000,281,3556,0.095775,0.325673,0.093641,0.659158,1.399848,1.119613,4.933973,2.190092,97192
random-02,random,2,48,15,15,11,4,3,0,12,3110,3110,281,3565,0.124859,0.702793,0.124579,0.970468,2.278937,1.763397,6.620413,3.542238,97192
random-03,random,3,38,15,15,11,4,4,4,7,2393,2417,281,3562,0.09306,0.365723,0.105019,0.764647,1.605138,1.311413,5.449262,2.747726,97192
random-04,random,4,42,15,15,11,4,5,1,9,2697,2721,281,3561,0.116567,0.411622,0.112039,0.949627,1.731249,1.496694,5.802797,3.006557,97192
random-05,random,5,40,15,15,11,4,6,1,8,2596,2596,281,3562,0.093642,0.397381,0.109456,0.931118,1.687493,1.403963,5.521331,2.805053,97192
random-06,random,6,40,15,15,11,4,6,1,8,2593,2593,281,3562,0.091088,0.425284,0.110257,0.824337,1.669335,1.704177,5.694033,2.878264,97192
random-07,random,7,36,15,15,11,4,8,1,6,2309,2309,281,3556,0.085149,0.378763,0.102344,0.831638,1.588272,1.312536,5.033043,2.553282,97192
random-08,random,8,40,15,15,11,4,7,0,8,2597,2597,281,3558,0.154964,0.456541,0.111399,0.828744,2.318497,1.4545,5.755015,2.823581,97192
random-09,random,9,46,15,15,11,4,4,0,11,2981,2981,281,3564,0.102595,0.542671,0.118509,1.748765,2.224585,1.734824,6.32085,4.009245,97192
random-10,random,10,42,15,15,11,4,5,1,9,2698,2698,281,3563,0.106561,0.451824,0.113172,0.867522,1.736948,1.604036,6.456967,3.333573,97192
random-11,random,11,34,15,15,11,4,7,3,5,2158,2134,281,3557,0.081403,0.39016,0.097577,0.715923,1.466378,1.297503,4.854173,2.541264,97192
random-12,random,12,42,15,15,11,4,6,0,9,2726,2726,281,3559,0.097678,0.41684,0.109345,0.875895,1.786402,1.684108,7.176755,3.315014,97192
random-13,random,13,44,15,15,11,4,3,2,10,2825,2849,281,3565,0.102945,0.426986,0.116226,0.884027,1.914916,1.56706,6.17551,3.294042,97192
random-14,random,14,44,15,15,11,4,4,1,10,2826,2850,281,3562,0.10578,0.463311,0.116536,1.055406,1.954927,1.96327,5.901337,3.110014,97192
random-15,random,15,32,15,15,11,4,10,1,4,2055,2055,281,3551,0.094043,0.394526,0.097027,0.697295,1.477265,1.239234,5.942167,4.374266,97192
random-16,random,16,33,14,14,10,4,7,2,5,2144,2120,280,3341,0.084999,0.46235,0.098348,0.834472,1.480098,1.199304,4.673969,2.378087,97192
random-17,random,17,37,14,14,10,4,6,1,7,2402,2378,280,3339,0.088694,0.405213,0.099931,0.759188,1.564707,1.360408,5.034445,3.665304,97192
random-18,random,18,35,14,14,10,4,5,3,6,2246,2246,280,3339,0.082144,0.365634,0.094243,1.02489,1.50745,1.326356,4.774551,2.936141,97192
random-19,random,19,37,14,14,10,4,5,2,7,2354,2378,280,3341,0.084288,0.367917,0.104378,0.887232,1.676226,1.294077,5.443824,2.725973,97320
random-20,random,20,37,14,14,10,4,6,1,7,2405,2405,280,3338,0.108244,1.256751,0.100963,0.894723,1.678278,1.353277,5.549023,3.077796,97320
random-21,random,21,37,14,14,10,4,6,1,7,2405,2405,280,3340,0.085139,0.369448,0.115645,1.041876,1.801104,1.4411,5.503824,2.853856,97320
random-22,random,22,49,22,22,17,5,8,5,9,3052,3100,287,5095,0.135515,0.508699,0.14563,1.173886,2.334862,1.770959,7.470139,3.546134,97320
random-23,random,23,55,22,22,17,5,9,1,12,3515,3515,287,5094,0.156266,0.582732,0.15205,1.126534,2.469566,1.984782,9.224362,4.001662,97320
random-24,random,24,59,22,22,17,5,5,3,14,3765,3741,287,5099,0.142756,0.589802,0.157258,1.316171,2.404707,2.155741,7.999329,4.415909,97320
random-25,random,25,49,22,22,17,5,8,5,9,3101,3077,287,5097,0.133251,0.50882,0.142445,1.033434,2.243544,3.014039,7.202004,4.049285,97320
random-26,random,26,47,22,22,17,5,10,4,8,2945,2969,287,5095,0.114934,0.499215,0.25115,1.063509,2.061979,1.760413,6.986778,3.161141,97320
random-27,random,27,53,22,22,17,5,7,4,11,3334,3382,287,5096,0.123206,0.553728,0.152721,1.350372,2.293589,2.078123,8.153192,3.988793,97320
random-28,random,28,59,22,22,17,5,5,3,14,3771,3771,287,5098,0.207514,0.58829,0.162656,1.217061,2.678101,2.345097,8.438705,4.356089,97320
random-29,random,29,63,22,22,17,5,3,3,16,4025,4025,287,5104,0.175145,0.589883,0.163488,1.244532,2.688156,2.171965,8.623223,4.362939,97320
random-30,random,30,57,22,22,17,5,7,2,13,3663,3639,287,5100,0.162256,0.59491,0.162977,1.15706,2.546051,2.028008,8.049125,4.136006,97320
random-31,random,31,51,22,22,17,5,9,3,10,3230,3254,287,5090,0.127182,0.524744,0.147443,1.0774,2.173287,1.856859,7.592524,3.967662,97320
random-32,random,32,59,22,22,17,5,8,0,14,3797,3797,287,5097,0.137608,0.624285,0.180343,1.293937,3.027008,2.349273,8.906481,4.285672,97320
random-33,random,33,53,22,22,17,5,9,2,11,3384,3384,287,5095,0.152611,0.578405,0.15873,1.119113,2.305898,1.940505,7.945288,3.647948,97320
random-34,random,34,51,22,22,17,5,9,3,10,3226,3202,287,5094,0.121855,0.566176,0.236087,1.288198,2.300008,1.899433,7.462637,3.488256,97320
random-35,random,35,47,22,22,17,5,11,3,8,2950,2998,287,5092,0.111929,0.508198,0.163557,1.026283,2.072024,1.753663,7.556769,3.229345,97320
random-36,random,36,51,22,22,17,5,10,2,10,3250,3250,287,5094,0.12514,0.563212,0.152501,1.192754,2.284396,1.974827,7.644793,3.770323,97320
random-37,random,37,55,22,22,17,5,10,0,12,3539,3539,287,5094,0.131329,0.571885,0.15855,1.163209,2.395393,2.006164,8.302939,3.830424,97320
random-38,random,38,63,22,22,17,5,6,0,16,4055,4055,287,5098,0.143547,0.60837,0.192831,1.463103,2.551069,2.223563,8.614941,4.487928,97320
random-39,random,39,41,22,22,17,5,16,1,5,2634,2634,287,5083,0.111249,0.510332,0.133362,0.934453,1.99701,1.890739,7.043354,2.842971,97320
state-conflict-control-00,state-conflict-control,0,9,0,0,0,0,0,0,0,508,508,270,281,0.042895,0.032629,0.001111,0.104919,0.225131,0.143818,0.577604,0.732869,97320
state-conflict-control-01,state-conflict-control,1,9,0,0,0,0,0,0,0,508,508,270,281,0.028062,0.137628,0.000981,0.112871,0.214505,0.139021,0.87939,0.793981,97320
state-conflict-control-02,state-conflict-control,2,9,0,0,0,0,0,0,0,508,508,270,281,0.022564,0.029965,0.000781,0.116516,0.210979,0.136847,0.517683,0.94582,97320
state-conflict-control-03,state-conflict-control,3,9,0,0,0,0,0,0,0,508,508,270,281,0.021893,0.028604,0.000741,0.097377,0.202586,0.151068,0.543022,0.83937,97320
state-conflict-control-04,state-conflict-control,4,9,0,0,0,0,0,0,0,508,508,270,281,0.021363,0.027993,0.000621,0.116786,0.203678,0.135385,0.511875,0.748883,97320
state-conflict-control-05,state-conflict-control,5,9,0,0,0,0,0,0,0,508,508,270,281,0.020631,0.027792,0.000742,0.096636,0.200703,0.133782,0.503411,0.749744,97320
state-conflict-control-06,state-conflict-control,6,9,0,0,0,0,0,0,0,508,508,270,281,0.0196,0.026781,0.000641,0.09282,0.19884,0.131899,1.072342,2.993969,97320
state-conflict-control-07,state-conflict-control,7,9,0,0,0,0,0,0,0,508,508,270,281,0.023255,0.028674,0.000761,0.101583,0.510092,0.161344,0.514038,0.848253,97320
state-conflict-control-08,state-conflict-control,8,9,0,0,0,0,0,0,0,508,508,270,281,0.021253,0.028073,0.000691,0.121714,0.207935,0.136146,0.567168,0.754281,97320
state-conflict-control-09,state-conflict-control,9,9,0,0,0,0,0,0,0,508,508,270,281,0.022164,0.0327,0.000821,0.181554,0.326464,0.148845,0.511083,0.818778,97320
state-conflict-control-10,state-conflict-control,10,9,0,0,0,0,0,0,0,508,508,270,281,0.021983,0.028283,0.000771,0.101063,0.307465,0.142756,0.510061,0.762674,97320
state-conflict-control-11,state-conflict-control,11,9,0,0,0,0,0,0,0,508,508,270,281,0.021152,0.027291,0.000671,0.094403,0.222466,0.136897,0.502089,0.821553,97320
state-conflict-control-12,state-conflict-control,12,9,0,0,0,0,0,0,0,508,508,270,281,0.0199,0.02684,0.000691,0.098129,0.19828,0.1522,0.529641,0.748202,97320
state-conflict-control-13,state-conflict-control,13,9,0,0,0,0,0,0,0,508,508,270,281,0.02001,0.028363,0.000681,0.118739,0.203828,0.134353,0.519035,0.731757,97320
state-conflict-control-14,state-conflict-control,14,9,0,0,0,0,0,0,0,508,508,270,281,0.021543,0.027752,0.000691,0.097718,0.206622,0.135345,0.606137,0.73386,97320
state-conflict-control-15,state-conflict-control,15,9,0,0,0,0,0,0,0,508,508,270,281,0.021342,0.028122,0.000681,0.096726,0.23112,0.13851,0.534438,0.709884,97320
state-conflict-control-16,state-conflict-control,16,9,0,0,0,0,0,0,0,508,508,270,281,0.022444,0.029024,0.000801,0.10588,0.287124,0.183788,0.540708,0.720329,97320
state-conflict-control-17,state-conflict-control,17,9,0,0,0,0,0,0,0,508,508,270,281,0.020932,0.027782,0.000791,0.214214,0.219041,0.140813,0.505805,0.777616,97320
state-conflict-control-18,state-conflict-control,18,9,0,0,0,0,0,0,0,508,508,270,281,0.020461,0.027972,0.000701,0.096677,0.238751,0.135505,0.499866,0.751226,97320
state-conflict-control-19,state-conflict-control,19,9,0,0,0,0,0,0,0,508,508,270,281,0.020541,0.028002,0.000751,0.095254,0.200363,0.153542,0.655181,0.727951,97320
state-conflict-control-20,state-conflict-control,20,9,0,0,0,0,0,0,0,508,508,270,281,0.020251,0.027702,0.000621,0.157669,0.205541,0.132831,0.577153,0.731566,97320
state-conflict-control-21,state-conflict-control,21,9,0,0,0,0,0,0,0,508,508,270,281,0.020591,0.028162,0.00063,0.097598,0.202736,0.131519,0.533056,0.709914,97320
state-conflict-control-22,state-conflict-control,22,9,0,0,0,0,0,0,0,508,508,270,281,0.021182,0.028203,0.000762,0.134053,0.209197,0.159021,0.50899,0.745398,97320
state-conflict-control-23,state-conflict-control,23,9,0,0,0,0,0,0,0,508,508,270,281,0.020371,0.027992,0.000701,0.094713,0.198901,0.136617,0.592997,0.817446,97320
state-conflict-control-24,state-conflict-control,24,9,0,0,0,0,0,0,0,508,508,270,281,0.021372,0.027902,0.000772,0.096146,0.204319,0.133091,0.512505,0.728001,97320
state-conflict-control-25,state-conflict-control,25,9,0,0,0,0,0,0,0,508,508,270,281,0.019399,0.02672,0.000551,0.091659,0.201214,0.13214,0.532525,0.73396,97320
state-conflict-control-26,state-conflict-control,26,9,0,0,0,0,0,0,0,508,508,270,281,0.020531,0.027332,0.000621,0.115405,0.203918,0.135194,0.505945,0.743875,97320
state-conflict-control-27,state-conflict-control,27,9,0,0,0,0,0,0,0,508,508,270,281,0.020541,0.027491,0.000631,0.095335,0.227373,0.133912,0.636232,0.730475,97320
state-conflict-control-28,state-conflict-control,28,9,0,0,0,0,0,0,0,508,508,270,281,0.0202,0.027131,0.000651,0.093662,0.226963,0.1845,0.583082,0.779069,97320
state-conflict-control-29,state-conflict-control,29,9,0,0,0,0,0,0,0,508,508,270,281,0.020862,0.027542,0.000681,0.095605,0.20511,0.135665,0.527808,0.712477,97320
state-conflict-control-30,state-conflict-control,30,9,0,0,0,0,0,0,0,508,508,270,281,0.019609,0.02685,0.000671,0.09238,0.222717,0.132761,0.708051,0.917298,97320
state-conflict-control-31,state-conflict-control,31,9,0,0,0,0,0,0,0,508,508,270,281,0.020931,0.027552,0.000651,0.095254,0.249548,0.141034,0.545685,0.762754,97320
state-conflict-control-32,state-conflict-control,32,9,0,0,0,0,0,0,0,508,508,270,281,0.021152,0.027612,0.000641,0.096135,0.206102,0.135835,0.533837,0.728042,97320
state-conflict-control-33,state-conflict-control,33,9,0,0,0,0,0,0,0,508,508,270,281,0.020361,0.027622,0.000561,0.093111,0.203588,0.155785,0.543792,1.126254,97320
state-conflict-control-34,state-conflict-control,34,9,0,0,0,0,0,0,0,508,508,270,281,0.020722,0.027973,0.000661,0.097547,0.206983,0.135455,0.580608,0.798908,97320
state-conflict-control-35,state-conflict-control,35,9,0,0,0,0,0,0,0,508,508,270,281,0.021913,0.029033,0.000631,0.097006,0.208125,0.137848,0.508389,0.739538,97320
state-conflict-control-36,state-conflict-control,36,9,0,0,0,0,0,0,0,508,508,270,281,0.01977,0.026951,0.000631,0.093872,0.201544,0.133732,0.539086,0.744967,97320
state-conflict-control-37,state-conflict-control,37,9,0,0,0,0,0,0,0,508,508,270,281,0.021011,0.027682,0.000611,0.116086,0.210739,0.137498,0.504543,0.721611,97320
state-conflict-control-38,state-conflict-control,38,9,0,0,0,0,0,0,0,508,508,270,281,0.022444,0.028673,0.000681,0.096976,0.210018,0.160333,0.533797,0.734391,97320
state-conflict-control-39,state-conflict-control,39,9,0,0,0,0,0,0,0,508,508,270,281,0.020531,0.046029,0.000691,0.095965,0.201795,0.137278,0.544424,0.833872,97320
subtraction-control-00,subtraction-control,0,9,0,0,0,0,0,0,0,661,661,270,281,0.021253,0.043696,0.000681,0.113983,0.267214,0.181996,0.674801,0.792519,97320
subtraction-control-01,subtraction-control,1,9,0,0,0,0,0,0,0,661,661,270,281,0.023796,0.043176,0.000741,0.119901,0.291421,0.178269,0.704045,0.788923,97320
subtraction-control-02,subtraction-control,2,9,0,0,0,0,0,0,0,661,661,270,281,0.02007,0.03965,0.000731,0.111619,0.357591,0.194163,0.689544,0.805248,97320
subtraction-control-03,subtraction-control,3,9,0,0,0,0,0,0,0,661,661,270,281,0.01978,0.03975,0.000751,0.133792,0.24474,0.173252,0.666999,1.102017,97320
subtraction-control-04,subtraction-control,4,9,0,0,0,0,0,0,0,661,661,270,281,0.020551,0.03974,0.000671,0.114313,0.243378,0.170298,0.68792,0.77347,97320
subtraction-control-05,subtraction-control,5,9,0,0,0,0,0,0,0,661,661,270,281,0.019769,0.03944,0.000711,0.111318,0.242036,0.172801,0.681671,0.757486,97320
subtraction-control-06,subtraction-control,6,9,0,0,0,0,0,0,0,661,661,270,281,0.02029,0.03996,0.000731,0.113552,0.242808,0.171169,0.669613,0.787341,97320
subtraction-control-07,subtraction-control,7,9,0,0,0,0,0,0,0,661,661,270,281,0.044477,0.0396,0.000792,0.113812,0.242887,0.171178,0.7273,0.771707,97320
subtraction-control-08,subtraction-control,8,9,0,0,0,0,0,0,0,661,661,270,281,0.01987,0.03981,0.000681,0.115184,0.245742,0.170909,0.979902,0.776314,97320
subtraction-control-09,subtraction-control,9,9,0,0,0,0,0,0,0,661,661,270,281,0.020291,0.040892,0.000691,0.114243,0.252142,0.174444,0.675482,0.868855,97320
subtraction-control-10,subtraction-control,10,9,0,0,0,0,0,0,0,661,661,270,281,0.020091,0.040441,0.000721,0.115164,0.245,0.169777,0.65421,0.748663,97320
subtraction-control-11,subtraction-control,11,9,0,0,0,0,0,0,0,661,661,270,281,0.021763,0.040682,0.000681,0.111018,0.245131,0.170267,0.911699,0.768032,97320
subtraction-control-12,subtraction-control,12,9,0,0,0,0,0,0,0,661,661,270,281,0.021272,0.041072,0.000781,0.115395,0.248826,0.17195,0.670003,0.861674,97320
subtraction-control-13,subtraction-control,13,9,0,0,0,0,0,0,0,661,661,270,281,0.021052,0.039459,0.000731,0.113992,0.242657,0.167804,0.663564,0.750665,97320
subtraction-control-14,subtraction-control,14,9,0,0,0,0,0,0,0,661,661,270,281,0.02003,0.040261,0.000771,0.111589,0.241456,0.167974,0.705707,0.840111,97320
subtraction-control-15,subtraction-control,15,9,0,0,0,0,0,0,0,661,661,270,281,0.020642,0.040041,0.000681,0.113181,0.243368,0.176767,0.669854,0.78653,97320
subtraction-control-16,subtraction-control,16,9,0,0,0,0,0,0,0,661,661,270,281,0.019259,0.039159,0.000671,0.141283,0.243258,0.170598,0.686588,0.774271,97320
subtraction-control-17,subtraction-control,17,9,0,0,0,0,0,0,0,661,661,270,281,0.019249,0.04012,0.000991,0.111008,0.263489,0.169356,0.761652,0.756144,97320
subtraction-control-18,subtraction-control,18,9,0,0,0,0,0,0,0,661,661,270,281,0.02042,0.040792,0.000761,0.113141,0.272492,0.174734,0.731025,0.774812,97320
subtraction-control-19,subtraction-control,19,9,0,0,0,0,0,0,0,661,661,270,281,0.020591,0.040401,0.000761,0.112901,0.272943,0.174754,0.671856,0.773871,97320
subtraction-control-20,subtraction-control,20,9,0,0,0,0,0,0,0,661,661,270,281,0.020881,0.040721,0.000711,0.1125,0.265702,0.179391,0.743765,0.7933,97320
subtraction-control-21,subtraction-control,21,9,0,0,0,0,0,0,0,661,661,270,281,0.021112,0.041503,0.000711,0.114303,0.268456,0.173973,0.646768,0.771087,97320
subtraction-control-22,subtraction-control,22,9,0,0,0,0,0,0,0,661,661,270,281,0.021633,0.041243,0.000701,0.116176,0.289428,0.180333,0.746619,0.80016,97320
subtraction-control-23,subtraction-control,23,9,0,0,0,0,0,0,0,661,661,270,281,0.01991,0.040652,0.000741,0.113661,0.266223,0.173883,0.689553,0.79307,97320
subtraction-control-24,subtraction-control,24,9,0,0,0,0,0,0,0,661,661,270,281,0.01993,0.03983,0.000721,0.115314,0.243258,0.195816,0.649903,0.774381,97320
subtraction-control-25,subtraction-control,25,9,0,0,0,0,0,0,0,661,661,270,281,0.021813,0.041673,0.000671,0.116436,0.286393,0.181515,0.661761,0.881634,97320
subtraction-control-26,subtraction-control,26,9,0,0,0,0,0,0,0,661,661,270,281,0.091779,0.042494,0.000782,0.122926,0.287845,0.17893,0.66141,0.792068,97320
subtraction-control-27,subtraction-control,27,9,0,0,0,0,0,0,0,661,661,270,281,0.01987,0.039971,0.000671,0.11251,0.269728,0.174463,0.675972,0.767631,97320
subtraction-control-28,subtraction-control,28,9,0,0,0,0,0,0,0,661,661,270,281,0.023876,0.043696,0.000912,0.149406,0.260313,0.182035,0.774301,0.867582,97320
subtraction-control-29,subtraction-control,29,9,0,0,0,0,0,0,0,661,661,270,281,0.02045,0.081033,0.000861,0.121484,0.253594,0.176648,0.68749,0.858078,97320
subtraction-control-30,subtraction-control,30,9,0,0,0,0,0,0,0,661,661,270,281,0.022073,0.775563,0.001021,0.194434,0.273734,0.183949,0.678416,0.791517,97320
subtraction-control-31,subtraction-control,31,9,0,0,0,0,0,0,0,661,661,270,281,0.02001,0.03922,0.000631,0.220313,0.250099,0.35672,0.711566,0.906592,97320
subtraction-control-32,subtraction-control,32,9,0,0,0,0,0,0,0,661,661,270,281,0.020571,0.03993,0.000691,0.11227,0.248536,0.170598,0.698797,0.884858,97320
subtraction-control-33,subtraction-control,33,9,0,0,0,0,0,0,0,661,661,270,281,0.01999,0.03968,0.000681,0.117107,0.251089,0.173472,0.765638,0.790616,97320
subtraction-control-34,subtraction-control,34,9,0,0,0,0,0,0,0,661,661,270,281,0.020801,0.040871,0.000611,0.114864,0.248146,0.170478,0.66717,0.785198,97320
subtraction-control-35,subtraction-control,35,9,0,0,0,0,0,0,0,661,661,270,281,0.022104,0.041012,0.000701,0.118369,0.276118,0.177678,0.772818,0.824757,97320
subtraction-control-36,subtraction-control,36,9,0,0,0,0,0,0,0,661,661,270,281,0.020421,0.039861,0.000651,0.113201,0.247804,0.173452,0.704025,0.895384,97320
subtraction-control-37,subtraction-control,37,9,0,0,0,0,0,0,0,661,661,270,281,0.019499,0.0396,0.000691,0.113162,0.244189,0.172451,0.857577,0.948956,97320
subtraction-control-38,subtraction-control,38,9,0,0,0,0,0,0,0,661,661,270,281,0.020902,0.03961,0.000681,0.114453,0.434507,0.19849,1.003237,0.775273,97320
subtraction-control-39,subtraction-control,39,9,0,0,0,0,0,0,0,661,661,270,281,0.020251,0.040251,0.000742,0.13901,0.255606,0.187013,0.686708,0.821512,97320
trace-order-control-00,trace-order-control,0,9,0,0,0,0,0,0,0,481,481,270,281,0.028723,0.11233,0.000901,0.104228,0.199181,0.153532,0.47631,0.727311,97320
trace-order-control-01,trace-order-control,1,9,0,0,0,0,0,0,0,481,481,270,281,0.01984,0.025028,0.000711,0.090176,0.190378,0.121854,0.475689,0.835634,97320
trace-order-control-02,trace-order-control,2,9,0,0,0,0,0,0,0,481,481,270,281,0.018498,0.025008,0.000711,0.087362,0.190749,0.121003,0.521649,0.695582,97320
trace-order-control-03,trace-order-control,3,9,0,0,0,0,0,0,0,481,481,270,281,0.018758,0.024737,0.000641,0.086681,0.2118,0.123567,0.593798,0.695482,97320
trace-order-control-04,trace-order-control,4,9,0,0,0,0,0,0,0,481,481,270,281,0.018859,0.024617,0.000811,0.147604,0.194894,0.12549,0.505184,0.698576,97320
trace-order-control-05,trace-order-control,5,9,0,0,0,0,0,0,0,481,481,270,281,0.02017,0.025439,0.000711,0.088654,0.248195,0.134273,0.463671,0.739248,97320
trace-order-control-06,trace-order-control,6,9,0,0,0,0,0,0,0,481,481,270,281,0.019109,0.024337,0.000641,0.08587,0.186472,0.121063,0.481629,0.827913,97320
trace-order-control-07,trace-order-control,7,9,0,0,0,0,0,0,0,481,481,270,281,0.018298,0.024887,0.000691,0.085769,0.184339,0.136706,0.507828,0.670474,97320
trace-order-control-08,trace-order-control,8,9,0,0,0,0,0,0,0,481,481,270,281,0.019029,0.024727,0.000691,0.086091,0.628726,0.156347,0.507988,0.805188,97320
trace-order-control-09,trace-order-control,9,9,0,0,0,0,0,0,0,481,481,270,281,0.018759,0.024808,0.000701,0.086921,0.187995,0.143307,0.480427,0.68101,97320
trace-order-control-10,trace-order-control,10,9,0,0,0,0,0,0,0,481,481,270,281,0.019149,0.024758,0.000641,0.089326,0.22449,0.129055,0.483422,0.699889,97320
trace-order-control-11,trace-order-control,11,9,0,0,0,0,0,0,0,481,481,270,281,0.018228,0.024197,0.000621,0.09211,0.205661,0.218791,0.47584,0.730515,97320
trace-order-control-12,trace-order-control,12,9,0,0,0,0,0,0,0,481,481,270,281,0.018938,0.024808,0.000641,0.086832,0.186773,0.123607,0.468719,0.845139,97320
trace-order-control-13,trace-order-control,13,9,0,0,0,0,0,0,0,481,481,270,281,0.019159,0.024477,0.000691,0.087212,0.186032,0.121985,0.511844,0.694751,97320
trace-order-control-14,trace-order-control,14,9,0,0,0,0,0,0,0,481,481,270,281,0.01945,0.024818,0.000751,0.087993,0.212071,0.12535,0.483101,0.679508,97320
trace-order-control-15,trace-order-control,15,9,0,0,0,0,0,0,0,481,481,270,281,0.018117,0.024256,0.000661,0.117077,0.193263,0.123587,0.486156,0.703123,97320
trace-order-control-16,trace-order-control,16,9,0,0,0,0,0,0,0,481,481,270,281,0.020011,0.056726,0.000761,0.136887,0.224599,0.13221,0.492945,0.949847,97320
trace-order-control-17,trace-order-control,17,9,0,0,0,0,0,0,0,481,481,270,281,0.019029,0.024417,0.000681,0.08613,0.186723,0.148895,0.507528,0.809344,97320
trace-order-control-18,trace-order-control,18,9,0,0,0,0,0,0,0,481,481,270,281,0.018698,0.024808,0.000631,0.086731,0.207523,0.124388,0.511344,0.692608,97320
trace-order-control-19,trace-order-control,19,9,0,0,0,0,0,0,0,481,481,270,281,0.019289,0.024808,0.000651,0.087963,0.280655,0.137437,0.516401,0.728602,97320
trace-order-control-20,trace-order-control,20,9,0,0,0,0,0,0,0,481,481,270,281,0.01956,0.025489,0.000721,0.090387,0.283579,0.153352,0.566867,0.718036,97320
trace-order-control-21,trace-order-control,21,9,0,0,0,0,0,0,0,481,481,270,281,0.019459,0.025819,0.000601,0.149516,0.218891,0.130077,0.487308,0.72102,97320
trace-order-control-22,trace-order-control,22,9,0,0,0,0,0,0,0,481,481,270,281,0.018067,0.024748,0.000621,0.0862,0.184379,0.142225,0.478213,0.664134,97320
trace-order-control-23,trace-order-control,23,9,0,0,0,0,0,0,0,481,481,270,281,0.019029,0.024727,0.000691,0.121674,0.192271,0.124909,0.465775,0.693298,97320
trace-order-control-24,trace-order-control,24,9,0,0,0,0,0,0,0,481,481,270,281,0.018158,0.030036,0.000912,0.230518,0.203428,0.133001,0.523542,0.909025,97320
trace-order-control-25,trace-order-control,25,9,0,0,0,0,0,0,0,481,481,270,281,0.018729,0.024918,0.000621,0.109876,0.192581,0.126331,0.460607,0.691876,97320
trace-order-control-26,trace-order-control,26,9,0,0,0,0,0,0,0,481,481,270,281,0.018968,0.024627,0.000641,0.087602,0.296359,0.13223,0.508899,0.774131,97320
trace-order-control-27,trace-order-control,27,9,0,0,0,0,0,0,0,481,481,270,281,0.018999,0.024708,0.000661,0.087122,0.186843,0.148645,0.588249,0.676193,97320
trace-order-control-28,trace-order-control,28,9,0,0,0,0,0,0,0,481,481,270,281,0.05276,0.02626,0.000731,0.093331,0.192391,0.124308,0.464803,0.701321,97320
trace-order-control-29,trace-order-control,29,9,0,0,0,0,0,0,0,481,481,270,281,0.019419,0.024597,0.000621,0.086811,0.190879,0.124369,0.484804,0.729423,97320
trace-order-control-30,trace-order-control,30,9,0,0,0,0,0,0,0,481,481,270,281,0.017957,0.024687,0.000661,0.086361,0.185731,0.122194,0.481739,0.69418,97320
trace-order-control-31,trace-order-control,31,9,0,0,0,0,0,0,0,481,481,270,281,0.018438,0.024127,0.000561,0.08581,0.210648,0.126001,0.465624,0.711416,97320
trace-order-control-32,trace-order-control,32,9,0,0,0,0,0,0,0,481,481,270,281,0.018358,0.025048,0.000671,0.087042,0.190067,0.122585,0.460336,0.691306,97320
trace-order-control-33,trace-order-control,33,9,0,0,0,0,0,0,0,481,481,270,281,0.019369,0.025098,0.000661,0.113051,0.196678,0.126972,0.498254,0.724315,97320
trace-order-control-34,trace-order-control,34,9,0,0,0,0,0,0,0,481,481,270,281,0.018568,0.024387,0.000581,0.08572,0.205161,0.126712,0.480988,0.672538,97320
trace-order-control-35,trace-order-control,35,9,0,0,0,0,0,0,0,481,481,270,281,0.018698,0.024356,0.000621,0.106691,0.190478,0.123387,0.468568,0.707911,97320
trace-order-control-36,trace-order-control,36,9,0,0,0,0,0,0,0,481,481,270,281,0.018378,0.024227,0.000601,0.086731,0.189106,0.1259,0.487798,0.707981,97320
trace-order-control-37,trace-order-control,37,9,0,0,0,0,0,0,0,481,481,270,281,0.018718,0.024567,0.000651,0.08578,0.191309,0.12558,0.61471,0.848673,97320
trace-order-control-38,trace-order-control,38,9,0,0,0,0,0,0,0,481,481,270,281,0.01983,0.025529,0.000661,0.089024,0.2905,0.13857,0.474638,0.730495,97320
trace-order-control-39,trace-order-control,39,9,0,0,0,0,0,0,0,481,481,270,281,0.018888,0.025018,0.000661,0.232131,0.228756,0.138549,0.50879,3.06141,97320
