source,source_sha256,stage,returncode,stderr_sha256,instructions,operand_sites,identity_sites,adjacent_sites,selected_sites,payload_bits,operand_only_payload_bits,identity_only_payload_bits,adjacent_only_payload_bits
cmd/cgo/internal/swig/testdata/callback/main.cc,e2d363d200d58799719220bdbe5a6e57167856e642d1d760d570e00a0cc50145,O0,0,e3b0c44298fc1c149afbf4c8996fb92427ae41e4649b934ca495991b7852b855,211,0,0,1,1,0,0,0,0
cmd/cgo/internal/swig/testdata/callback/main.cc,e2d363d200d58799719220bdbe5a6e57167856e642d1d760d570e00a0cc50145,O1,0,e3b0c44298fc1c149afbf4c8996fb92427ae41e4649b934ca495991b7852b855,15,0,0,0,0,0,0,0,0
cmd/cgo/internal/swig/testdata/callback/main.cc,e2d363d200d58799719220bdbe5a6e57167856e642d1d760d570e00a0cc50145,O2,0,e3b0c44298fc1c149afbf4c8996fb92427ae41e4649b934ca495991b7852b855,15,0,0,0,0,0,0,0,0
cmd/cgo/internal/test/callback_c.c,da21848be7c278361da5950a744f2c017613ed7fc9f7431fcadefb153dbd51be,O0,1,27581577b025a2f8b61af7cecc2496205927d099e817d0df0f0fd10c64585ab5,0,0,0,0,0,0,0,0,0
cmd/cgo/internal/test/callback_c.c,da21848be7c278361da5950a744f2c017613ed7fc9f7431fcadefb153dbd51be,O1,1,27581577b025a2f8b61af7cecc2496205927d099e817d0df0f0fd10c64585ab5,0,0,0,0,0,0,0,0,0
cmd/cgo/internal/test/callback_c.c,da21848be7c278361da5950a744f2c017613ed7fc9f7431fcadefb153dbd51be,O2,1,27581577b025a2f8b61af7cecc2496205927d099e817d0df0f0fd10c64585ab5,0,0,0,0,0,0,0,0,0
cmd/cgo/internal/test/callback_c_gc.c,73bc4f0d0d1d02a733e396653a8d9b454c1a558c653e665b21c5995bea6dcb3c,O0,1,4514b2f8fe55f77daa095f9a104a5f320586fbbe9d7cd4d79dc92407507e58d9,0,0,0,0,0,0,0,0,0
cmd/cgo/internal/test/callback_c_gc.c,73bc4f0d0d1d02a733e396653a8d9b454c1a558c653e665b21c5995bea6dcb3c,O1,1,4514b2f8fe55f77daa095f9a104a5f320586fbbe9d7cd4d79dc92407507e58d9,0,0,0,0,0,0,0,0,0
cmd/cgo/internal/test/callback_c_gc.c,73bc4f0d0d1d02a733e396653a8d9b454c1a558c653e665b21c5995bea6dcb3c,O2,1,4514b2f8fe55f77daa095f9a104a5f320586fbbe9d7cd4d79dc92407507e58d9,0,0,0,0,0,0,0,0,0
cmd/cgo/internal/test/callback_c_gccgo.c,76708995e54ad240ccc4e141dccee57e9cf14314e19226e214fa6e1241de26d3,O0,1,689b4a1dab18a083a839e7b17b391c24285ffc1fc734cf35f9d0f220897efc03,0,0,0,0,0,0,0,0,0
cmd/cgo/internal/test/callback_c_gccgo.c,76708995e54ad240ccc4e141dccee57e9cf14314e19226e214fa6e1241de26d3,O1,1,689b4a1dab18a083a839e7b17b391c24285ffc1fc734cf35f9d0f220897efc03,0,0,0,0,0,0,0,0,0
cmd/cgo/internal/test/callback_c_gccgo.c,76708995e54ad240ccc4e141dccee57e9cf14314e19226e214fa6e1241de26d3,O2,1,689b4a1dab18a083a839e7b17b391c24285ffc1fc734cf35f9d0f220897efc03,0,0,0,0,0,0,0,0,0
cmd/cgo/internal/test/cthread_unix.c,757c636d44a32ebca6548920ab3387948aff7d3a5a390e7988542f7b143cc2fa,O0,1,afaf0fff05ed7c9280955d746bdfd4111c49040e0a61646e20688f45822b7f54,0,0,0,0,0,0,0,0,0
cmd/cgo/internal/test/cthread_unix.c,757c636d44a32ebca6548920ab3387948aff7d3a5a390e7988542f7b143cc2fa,O1,1,afaf0fff05ed7c9280955d746bdfd4111c49040e0a61646e20688f45822b7f54,0,0,0,0,0,0,0,0,0
cmd/cgo/internal/test/cthread_unix.c,757c636d44a32ebca6548920ab3387948aff7d3a5a390e7988542f7b143cc2fa,O2,1,afaf0fff05ed7c9280955d746bdfd4111c49040e0a61646e20688f45822b7f54,0,0,0,0,0,0,0,0,0
cmd/cgo/internal/test/cthread_windows.c,719973d6b86b03200c19f97beb22d5716ccdcc74d9cd80aea00d5f41e3282043,O0,1,3e9360fe25a833b6fee935933704489cf19546050e33d8afedeeefde060e5b14,0,0,0,0,0,0,0,0,0
cmd/cgo/internal/test/cthread_windows.c,719973d6b86b03200c19f97beb22d5716ccdcc74d9cd80aea00d5f41e3282043,O1,1,3e9360fe25a833b6fee935933704489cf19546050e33d8afedeeefde060e5b14,0,0,0,0,0,0,0,0,0
cmd/cgo/internal/test/cthread_windows.c,719973d6b86b03200c19f97beb22d5716ccdcc74d9cd80aea00d5f41e3282043,O2,1,3e9360fe25a833b6fee935933704489cf19546050e33d8afedeeefde060e5b14,0,0,0,0,0,0,0,0,0
cmd/cgo/internal/test/gcc68255/c.c,834ce8274078cec1957739cb0ae831da1aee1564cdd395b8986464e812d4ee47,O0,0,e3b0c44298fc1c149afbf4c8996fb92427ae41e4649b934ca495991b7852b855,1,0,0,0,0,0,0,0,0
cmd/cgo/internal/test/gcc68255/c.c,834ce8274078cec1957739cb0ae831da1aee1564cdd395b8986464e812d4ee47,O1,0,e3b0c44298fc1c149afbf4c8996fb92427ae41e4649b934ca495991b7852b855,1,0,0,0,0,0,0,0,0
cmd/cgo/internal/test/gcc68255/c.c,834ce8274078cec1957739cb0ae831da1aee1564cdd395b8986464e812d4ee47,O2,0,e3b0c44298fc1c149afbf4c8996fb92427ae41e4649b934ca495991b7852b855,1,0,0,0,0,0,0,0,0
cmd/cgo/internal/test/issue20910.c,a153c65e3030d3705cb0d3e9490760651a77f7c0c3aae8a9cd9a66b931183eb3,O0,1,5ea3b07ca108590c13e85e622a6d666e4532dcccbd4a7d436f36b6b3f1bdbe47,0,0,0,0,0,0,0,0,0
cmd/cgo/internal/test/issue20910.c,a153c65e3030d3705cb0d3e9490760651a77f7c0c3aae8a9cd9a66b931183eb3,O1,1,5ea3b07ca108590c13e85e622a6d666e4532dcccbd4a7d436f36b6b3f1bdbe47,0,0,0,0,0,0,0,0,0
cmd/cgo/internal/test/issue20910.c,a153c65e3030d3705cb0d3e9490760651a77f7c0c3aae8a9cd9a66b931183eb3,O2,1,5ea3b07ca108590c13e85e622a6d666e4532dcccbd4a7d436f36b6b3f1bdbe47,0,0,0,0,0,0,0,0,0
cmd/cgo/internal/test/issue29563/weak1.c,b70a760e9c65019c91bd3c1fa371f3fd6d8037e02dc660458307d4c44490dc62,O0,0,e3b0c44298fc1c149afbf4c8996fb92427ae41e4649b934ca495991b7852b855,2,0,0,0,0,0,0,0,0
cmd/cgo/internal/test/issue29563/weak1.c,b70a760e9c65019c91bd3c1fa371f3fd6d8037e02dc660458307d4c44490dc62,O1,0,e3b0c44298fc1c149afbf4c8996fb92427ae41e4649b934ca495991b7852b855,2,0,0,0,0,0,0,0,0
cmd/cgo/internal/test/issue29563/weak1.c,b70a760e9c65019c91bd3c1fa371f3fd6d8037e02dc660458307d4c44490dc62,O2,0,e3b0c44298fc1c149afbf4c8996fb92427ae41e4649b934ca495991b7852b855,2,0,0,0,0,0,0,0,0
cmd/cgo/internal/test/issue29563/weak2.c,d475993c9af967184a657d446d3a535e700d3ef47638fb3d608e44b4747534b1,O0,0,e3b0c44298fc1c149afbf4c8996fb92427ae41e4649b934ca495991b7852b855,2,0,0,0,0,0,0,0,0
cmd/cgo/internal/test/issue29563/weak2.c,d475993c9af967184a657d446d3a535e700d3ef47638fb3d608e44b4747534b1,O1,0,e3b0c44298fc1c149afbf4c8996fb92427ae41e4649b934ca495991b7852b855,2,0,0,0,0,0,0,0,0
cmd/cgo/internal/test/issue29563/weak2.c,d475993c9af967184a657d446d3a535e700d3ef47638fb3d608e44b4747534b1,O2,0,e3b0c44298fc1c149afbf4c8996fb92427ae41e4649b934ca495991b7852b855,2,0,0,0,0,0,0,0,0
cmd/cgo/internal/test/issue31891.c,76646788071c55cb2a557cfdb1fe41867f4e562f932ad930546a4ee78513ff2e,O0,1,a8002fef2c1214b13db5fe424fc61cb469d243b9baae7d3c06474f0e96203c9e,0,0,0,0,0,0,0,0,0
cmd/cgo/internal/test/issue31891.c,76646788071c55cb2a557cfdb1fe41867f4e562f932ad930546a4ee78513ff2e,O1,1,a8002fef2c1214b13db5fe424fc61cb469d243b9baae7d3c06474f0e96203c9e,0,0,0,0,0,0,0,0,0
cmd/cgo/internal/test/issue31891.c,76646788071c55cb2a557cfdb1fe41867f4e562f932ad930546a4ee78513ff2e,O2,1,a8002fef2c1214b13db5fe424fc61cb469d243b9baae7d3c06474f0e96203c9e,0,0,0,0,0,0,0,0,0
cmd/cgo/internal/test/issue4029.c,52a8e36e8031bf413a14ccd7dd213d5168bd1060acbceec571ca53858d26d67a,O0,0,e3b0c44298fc1c149afbf4c8996fb92427ae41e4649b934ca495991b7852b855,33,0,0,0,0,0,0,0,0
cmd/cgo/internal/test/issue4029.c,52a8e36e8031bf413a14ccd7dd213d5168bd1060acbceec571ca53858d26d67a,O1,0,e3b0c44298fc1c149afbf4c8996fb92427ae41e4649b934ca495991b7852b855,12,0,0,0,0,0,0,0,0
cmd/cgo/internal/test/issue4029.c,52a8e36e8031bf413a14ccd7dd213d5168bd1060acbceec571ca53858d26d67a,O2,0,e3b0c44298fc1c149afbf4c8996fb92427ae41e4649b934ca495991b7852b855,12,0,0,0,0,0,0,0,0
cmd/cgo/internal/test/issue4273.c,eef40c626200af0b2eb8b88fdd61d9e3e85ec188b1b3d88393bed652f6502a10,O0,0,e3b0c44298fc1c149afbf4c8996fb92427ae41e4649b934ca495991b7852b855,7,0,0,0,0,0,0,0,0
cmd/cgo/internal/test/issue4273.c,eef40c626200af0b2eb8b88fdd61d9e3e85ec188b1b3d88393bed652f6502a10,O1,0,e3b0c44298fc1c149afbf4c8996fb92427ae41e4649b934ca495991b7852b855,1,0,0,0,0,0,0,0,0
cmd/cgo/internal/test/issue4273.c,eef40c626200af0b2eb8b88fdd61d9e3e85ec188b1b3d88393bed652f6502a10,O2,0,e3b0c44298fc1c149afbf4c8996fb92427ae41e4649b934ca495991b7852b855,1,0,0,0,0,0,0,0,0
cmd/cgo/internal/test/issue4273b.c,3973c73bb790d5d6fe9c3b4bec761a261f3c5ac2e507d38e525d3e7116baef79,O0,0,e3b0c44298fc1c149afbf4c8996fb92427ae41e4649b934ca495991b7852b855,11,0,0,0,0,0,0,0,0
cmd/cgo/internal/test/issue4273b.c,3973c73bb790d5d6fe9c3b4bec761a261f3c5ac2e507d38e525d3e7116baef79,O1,0,e3b0c44298fc1c149afbf4c8996fb92427ae41e4649b934ca495991b7852b855,2,0,0,0,0,0,0,0,0
cmd/cgo/internal/test/issue4273b.c,3973c73bb790d5d6fe9c3b4bec761a261f3c5ac2e507d38e525d3e7116baef79,O2,0,e3b0c44298fc1c149afbf4c8996fb92427ae41e4649b934ca495991b7852b855,2,0,0,0,0,0,0,0,0
cmd/cgo/internal/test/issue4339.c,0432ac6e93a492a9945f0d02d18294952c677114dffead4ba56f118044a0d2fa,O0,0,e3b0c44298fc1c149afbf4c8996fb92427ae41e4649b934ca495991b7852b855,8,0,0,0,0,0,0,0,0
cmd/cgo/internal/test/issue4339.c,0432ac6e93a492a9945f0d02d18294952c677114dffead4ba56f118044a0d2fa,O1,0,e3b0c44298fc1c149afbf4c8996fb92427ae41e4649b934ca495991b7852b855,5,0,0,0,0,0,0,0,0
cmd/cgo/internal/test/issue4339.c,0432ac6e93a492a9945f0d02d18294952c677114dffead4ba56f118044a0d2fa,O2,0,e3b0c44298fc1c149afbf4c8996fb92427ae41e4649b934ca495991b7852b855,5,0,0,0,0,0,0,0,0
cmd/cgo/internal/test/issue5548_c.c,9b325a5ac52cc6fda4ed3408d416bab9a2b2dbb705d550cf44ed5434c03971d0,O0,1,f5e58a9ba531a69636c0c07016ac8005a6ca12de637cb533aebc523c42cb6db7,0,0,0,0,0,0,0,0,0
cmd/cgo/internal/test/issue5548_c.c,9b325a5ac52cc6fda4ed3408d416bab9a2b2dbb705d550cf44ed5434c03971d0,O1,1,f5e58a9ba531a69636c0c07016ac8005a6ca12de637cb533aebc523c42cb6db7,0,0,0,0,0,0,0,0,0
cmd/cgo/internal/test/issue5548_c.c,9b325a5ac52cc6fda4ed3408d416bab9a2b2dbb705d550cf44ed5434c03971d0,O2,1,f5e58a9ba531a69636c0c07016ac8005a6ca12de637cb533aebc523c42cb6db7,0,0,0,0,0,0,0,0,0
cmd/cgo/internal/test/issue5740a.c,f327d49b261072853b59dfcadd53739454343d1170383227124ddedf3abb738c,O0,0,e3b0c44298fc1c149afbf4c8996fb92427ae41e4649b934ca495991b7852b855,2,0,0,0,0,0,0,0,0
cmd/cgo/internal/test/issue5740a.c,f327d49b261072853b59dfcadd53739454343d1170383227124ddedf3abb738c,O1,0,e3b0c44298fc1c149afbf4c8996fb92427ae41e4649b934ca495991b7852b855,2,0,0,0,0,0,0,0,0
cmd/cgo/internal/test/issue5740a.c,f327d49b261072853b59dfcadd53739454343d1170383227124ddedf3abb738c,O2,0,e3b0c44298fc1c149afbf4c8996fb92427ae41e4649b934ca495991b7852b855,2,0,0,0,0,0,0,0,0
cmd/cgo/internal/test/issue5740b.c,5ad9fc95c13669b36287a4a84703cac80578d94376afe36a53cb44159f56e43b,O0,0,e3b0c44298fc1c149afbf4c8996fb92427ae41e4649b934ca495991b7852b855,2,0,0,0,0,0,0,0,0
cmd/cgo/internal/test/issue5740b.c,5ad9fc95c13669b36287a4a84703cac80578d94376afe36a53cb44159f56e43b,O1,0,e3b0c44298fc1c149afbf4c8996fb92427ae41e4649b934ca495991b7852b855,2,0,0,0,0,0,0,0,0
cmd/cgo/internal/test/issue5740b.c,5ad9fc95c13669b36287a4a84703cac80578d94376afe36a53cb44159f56e43b,O2,0,e3b0c44298fc1c149afbf4c8996fb92427ae41e4649b934ca495991b7852b855,2,0,0,0,0,0,0,0,0
cmd/cgo/internal/test/issue6833_c.c,544191df76d07519efa9d9e22e7cf08e5fe4d9515233d913711ad7d2cff4a3dc,O0,1,3cf0c6bd80d927115fa62e41e7aafdfd09e8c89adc020abb9fb9a0bea5210e28,0,0,0,0,0,0,0,0,0
cmd/cgo/internal/test/issue6833_c.c,544191df76d07519efa9d9e22e7cf08e5fe4d9515233d913711ad7d2cff4a3dc,O1,1,3cf0c6bd80d927115fa62e41e7aafdfd09e8c89adc020abb9fb9a0bea5210e28,0,0,0,0,0,0,0,0,0
cmd/cgo/internal/test/issue6833_c.c,544191df76d07519efa9d9e22e7cf08e5fe4d9515233d913711ad7d2cff4a3dc,O2,1,3cf0c6bd80d927115fa62e41e7aafdfd09e8c89adc020abb9fb9a0bea5210e28,0,0,0,0,0,0,0,0,0
cmd/cgo/internal/test/issue6907export_c.c,bc9e34d578a942b95741083f650e345c033063062c8cca21889c31eef0bee243,O0,1,7a822e4e46506f63f45cc6e260fe72eb0657bde8b764bc2a06dc1f3a5700e0cd,0,0,0,0,0,0,0,0,0
cmd/cgo/internal/test/issue6907export_c.c,bc9e34d578a942b95741083f650e345c033063062c8cca21889c31eef0bee243,O1,1,7a822e4e46506f63f45cc6e260fe72eb0657bde8b764bc2a06dc1f3a5700e0cd,0,0,0,0,0,0,0,0,0
cmd/cgo/internal/test/issue6907export_c.c,bc9e34d578a942b95741083f650e345c033063062c8cca21889c31eef0bee243,O2,1,7a822e4e46506f63f45cc6e260fe72eb0657bde8b764bc2a06dc1f3a5700e0cd,0,0,0,0,0,0,0,0,0
cmd/cgo/internal/test/issue6997_linux.c,80d2eaef99fa57027ef45986c665a6f5fe8d2ffb3f989dc07fbb2e0f9c8e6aad,O0,0,e3b0c44298fc1c149afbf4c8996fb92427ae41e4649b934ca495991b7852b855,16,0,0,0,0,0,0,0,0
cmd/cgo/internal/test/issue6997_linux.c,80d2eaef99fa57027ef45986c665a6f5fe8d2ffb3f989dc07fbb2e0f9c8e6aad,O1,0,e3b0c44298fc1c149afbf4c8996fb92427ae41e4649b934ca495991b7852b855,16,0,0,0,0,0,0,0,0
cmd/cgo/internal/test/issue6997_linux.c,80d2eaef99fa57027ef45986c665a6f5fe8d2ffb3f989dc07fbb2e0f9c8e6aad,O2,0,e3b0c44298fc1c149afbf4c8996fb92427ae41e4649b934ca495991b7852b855,16,0,0,0,0,0,0,0,0
cmd/cgo/internal/test/issue8148.c,ba5162fa8dec3c6a33954a7990507a0aa31c50a24cf85b28acfb8545c5ba0887,O0,1,94fa7b1d2f462313948c8372e7594fc7be03794ebb712a7e2d1521351f02fcda,0,0,0,0,0,0,0,0,0
cmd/cgo/internal/test/issue8148.c,ba5162fa8dec3c6a33954a7990507a0aa31c50a24cf85b28acfb8545c5ba0887,O1,1,94fa7b1d2f462313948c8372e7594fc7be03794ebb712a7e2d1521351f02fcda,0,0,0,0,0,0,0,0,0
cmd/cgo/internal/test/issue8148.c,ba5162fa8dec3c6a33954a7990507a0aa31c50a24cf85b28acfb8545c5ba0887,O2,1,94fa7b1d2f462313948c8372e7594fc7be03794ebb712a7e2d1521351f02fcda,0,0,0,0,0,0,0,0,0
cmd/cgo/internal/test/issue8517_windows.c,7cc710364db9093bd65435150ec5202325364ccd9b3f8beec65cd537f00ca6d8,O0,1,73fe97f56f252d921cc5c8183adfe6c8a24100e0f1c976054c625946c2a07fad,0,0,0,0,0,0,0,0,0
cmd/cgo/internal/test/issue8517_windows.c,7cc710364db9093bd65435150ec5202325364ccd9b3f8beec65cd537f00ca6d8,O1,1,73fe97f56f252d921cc5c8183adfe6c8a24100e0f1c976054c625946c2a07fad,0,0,0,0,0,0,0,0,0
cmd/cgo/internal/test/issue8517_windows.c,7cc710364db9093bd65435150ec5202325364ccd9b3f8beec65cd537f00ca6d8,O2,1,73fe97f56f252d921cc5c8183adfe6c8a24100e0f1c976054c625946c2a07fad,0,0,0,0,0,0,0,0,0
cmd/cgo/internal/test/issue8811.c,6d646ab6ccc5a90bf67181182476d8d6b326fd842e1636a25b62c55fc6899739,O0,0,e3b0c44298fc1c149afbf4c8996fb92427ae41e4649b934ca495991b7852b855,1,0,0,0,0,0,0,0,0
cmd/cgo/internal/test/issue8811.c,6d646ab6ccc5a90bf67181182476d8d6b326fd842e1636a25b62c55fc6899739,O1,0,e3b0c44298fc1c149afbf4c8996fb92427ae41e4649b934ca495991b7852b855,1,0,0,0,0,0,0,0,0
cmd/cgo/internal/test/issue8811.c,6d646ab6ccc5a90bf67181182476d8d6b326fd842e1636a25b62c55fc6899739,O2,0,e3b0c44298fc1c149afbf4c8996fb92427ae41e4649b934ca495991b7852b855,1,0,0,0,0,0,0,0,0
cmd/cgo/internal/test/issue8828/issue8828.c,313d1f40ab089b10cc30a61a184231d621964530808a0abb840bd85ce83c2ea9,O0,0,e3b0c44298fc1c149afbf4c8996fb92427ae41e4649b934ca495991b7852b855,1,0,0,0,0,0,0,0,0
cmd/cgo/internal/test/issue8828/issue8828.c,313d1f40ab089b10cc30a61a184231d621964530808a0abb840bd85ce83c2ea9,O1,0,e3b0c44298fc1c149afbf4c8996fb92427ae41e4649b934ca495991b7852b855,1,0,0,0,0,0,0,0,0
cmd/cgo/internal/test/issue8828/issue8828.c,313d1f40ab089b10cc30a61a184231d621964530808a0abb840bd85ce83c2ea9,O2,0,e3b0c44298fc1c149afbf4c8996fb92427ae41e4649b934ca495991b7852b855,1,0,0,0,0,0,0,0,0
cmd/cgo/internal/test/sigprocmask.c,cab0df2f4c7788edb76e7df485c5f7fcbcfaf46c4ee472081bf22bc70386bf06,O0,0,e3b0c44298fc1c149afbf4c8996fb92427ae41e4649b934ca495991b7852b855,56,5,0,1,6,3,2,0,0
cmd/cgo/internal/test/sigprocmask.c,cab0df2f4c7788edb76e7df485c5f7fcbcfaf46c4ee472081bf22bc70386bf06,O1,0,e3b0c44298fc1c149afbf4c8996fb92427ae41e4649b934ca495991b7852b855,40,3,0,0,3,1,1,0,0
cmd/cgo/internal/test/sigprocmask.c,cab0df2f4c7788edb76e7df485c5f7fcbcfaf46c4ee472081bf22bc70386bf06,O2,0,e3b0c44298fc1c149afbf4c8996fb92427ae41e4649b934ca495991b7852b855,40,3,0,0,3,1,1,0,0
cmd/cgo/internal/test/testx.c,2bccdb31d3255d3bfd2a2b73b1f4c5b96e0157d3908cb662a21fbdb9413c0daf,O0,1,63df9ceb35bedd041d069709c9c05843d1b5354efd12e4af159076c0f77f60dc,0,0,0,0,0,0,0,0,0
cmd/cgo/internal/test/testx.c,2bccdb31d3255d3bfd2a2b73b1f4c5b96e0157d3908cb662a21fbdb9413c0daf,O1,1,63df9ceb35bedd041d069709c9c05843d1b5354efd12e4af159076c0f77f60dc,0,0,0,0,0,0,0,0,0
cmd/cgo/internal/test/testx.c,2bccdb31d3255d3bfd2a2b73b1f4c5b96e0157d3908cb662a21fbdb9413c0daf,O2,1,63df9ceb35bedd041d069709c9c05843d1b5354efd12e4af159076c0f77f60dc,0,0,0,0,0,0,0,0,0
cmd/cgo/internal/testcarchive/testdata/main.c,3b32e5b46795d4b58ed16fa105c20154f7d100934fe675983227295e1ff76803,O0,1,ed463a6ff6fe26401deb1f958f6bc0007bfee3a9cc5f65be34471ef9dea0c3e5,0,0,0,0,0,0,0,0,0
cmd/cgo/internal/testcarchive/testdata/main.c,3b32e5b46795d4b58ed16fa105c20154f7d100934fe675983227295e1ff76803,O1,1,ed463a6ff6fe26401deb1f958f6bc0007bfee3a9cc5f65be34471ef9dea0c3e5,0,0,0,0,0,0,0,0,0
cmd/cgo/internal/testcarchive/testdata/main.c,3b32e5b46795d4b58ed16fa105c20154f7d100934fe675983227295e1ff76803,O2,1,ed463a6ff6fe26401deb1f958f6bc0007bfee3a9cc5f65be34471ef9dea0c3e5,0,0,0,0,0,0,0,0,0
cmd/cgo/internal/testcarchive/testdata/main2.c,a56a4f75bc673838f83720b3437d691a7f56640476e8bd70638154f49aedf342,O0,1,f6e11fbdf5fc2217a835cb28cff755d6755cdbff404e23cfe09c4d144d7c7645,0,0,0,0,0,0,0,0,0
cmd/cgo/internal/testcarchive/testdata/main2.c,a56a4f75bc673838f83720b3437d691a7f56640476e8bd70638154f49aedf342,O1,1,f6e11fbdf5fc2217a835cb28cff755d6755cdbff404e23cfe09c4d144d7c7645,0,0,0,0,0,0,0,0,0
cmd/cgo/internal/testcarchive/testdata/main2.c,a56a4f75bc673838f83720b3437d691a7f56640476e8bd70638154f49aedf342,O2,1,f6e11fbdf5fc2217a835cb28cff755d6755cdbff404e23cfe09c4d144d7c7645,0,0,0,0,0,0,0,0,0
cmd/cgo/internal/testcarchive/testdata/main3.c,8bccc8ca20ce47072813a3a4e5d388ab819b573ef7f163e553653b6bdaaed740,O0,1,4a41ad1514c9b516e37c81eee19e6d7edb7c3f3cd73402d4cc249a5adc3dc369,0,0,0,0,0,0,0,0,0
cmd/cgo/internal/testcarchive/testdata/main3.c,8bccc8ca20ce47072813a3a4e5d388ab819b573ef7f163e553653b6bdaaed740,O1,1,4a41ad1514c9b516e37c81eee19e6d7edb7c3f3cd73402d4cc249a5adc3dc369,0,0,0,0,0,0,0,0,0
cmd/cgo/internal/testcarchive/testdata/main3.c,8bccc8ca20ce47072813a3a4e5d388ab819b573ef7f163e553653b6bdaaed740,O2,1,4a41ad1514c9b516e37c81eee19e6d7edb7c3f3cd73402d4cc249a5adc3dc369,0,0,0,0,0,0,0,0,0
cmd/cgo/internal/testcarchive/testdata/main4.c,fac79c3485e011c15af7b96536730a3b346fd81cda5ddef0236d46c3764d0850,O0,1,901203d17204d0e9f2095690074344de277fe4b6b68d6aba9c102c6a653803e6,0,0,0,0,0,0,0,0,0
cmd/cgo/internal/testcarchive/testdata/main4.c,fac79c3485e011c15af7b96536730a3b346fd81cda5ddef0236d46c3764d0850,O1,1,901203d17204d0e9f2095690074344de277fe4b6b68d6aba9c102c6a653803e6,0,0,0,0,0,0,0,0,0
cmd/cgo/internal/testcarchive/testdata/main4.c,fac79c3485e011c15af7b96536730a3b346fd81cda5ddef0236d46c3764d0850,O2,1,901203d17204d0e9f2095690074344de277fe4b6b68d6aba9c102c6a653803e6,0,0,0,0,0,0,0,0,0
cmd/cgo/internal/testcarchive/testdata/main5.c,c2e39608ab193b9a5d431d8ba7b5c65110dbf777989ab1776574fa82b5be4c83,O0,1,37d6887ec05a3727c4e4f23a35218ae44b5707356afb2f59966ca39ced90c63e,0,0,0,0,0,0,0,0,0
cmd/cgo/internal/testcarchive/testdata/main5.c,c2e39608ab193b9a5d431d8ba7b5c65110dbf777989ab1776574fa82b5be4c83,O1,1,37d6887ec05a3727c4e4f23a35218ae44b5707356afb2f59966ca39ced90c63e,0,0,0,0,0,0,0,0,0
cmd/cgo/internal/testcarchive/testdata/main5.c,c2e39608ab193b9a5d431d8ba7b5c65110dbf777989ab1776574fa82b5be4c83,O2,1,37d6887ec05a3727c4e4f23a35218ae44b5707356afb2f59966ca39ced90c63e,0,0,0,0,0,0,0,0,0
cmd/cgo/internal/testcarchive/testdata/main6.c,6f2e6211a390c4c2f8f36ad00e73c2860270a2d23c93b2d6e4b26066bd23c89e,O0,1,8ac680f5eaf373eae41f9987d64c08d8d792c2cb2575395ca9b1692b9cd1ca03,0,0,0,0,0,0,0,0,0
cmd/cgo/internal/testcarchive/testdata/main6.c,6f2e6211a390c4c2f8f36ad00e73c2860270a2d23c93b2d6e4b26066bd23c89e,O1,1,8ac680f5eaf373eae41f9987d64c08d8d792c2cb2575395ca9b1692b9cd1ca03,0,0,0,0,0,0,0,0,0
cmd/cgo/internal/testcarchive/testdata/main6.c,6f2e6211a390c4c2f8f36ad00e73c2860270a2d23c93b2d6e4b26066bd23c89e,O2,1,8ac680f5eaf373eae41f9987d64c08d8d792c2cb2575395ca9b1692b9cd1ca03,0,0,0,0,0,0,0,0,0
cmd/cgo/internal/testcarchive/testdata/main7.c,e02fbc5a50769b2c6033df48f3ce27e3e3dc61cd9ea720f97a52cd7e4cd71f99,O0,1,3feceb42c1919f0833a4c8df71330c06ddd15af6bc21edd9ccd9b8c4d64bdaea,0,0,0,0,0,0,0,0,0
cmd/cgo/internal/testcarchive/testdata/main7.c,e02fbc5a50769b2c6033df48f3ce27e3e3dc61cd9ea720f97a52cd7e4cd71f99,O1,1,3feceb42c1919f0833a4c8df71330c06ddd15af6bc21edd9ccd9b8c4d64bdaea,0,0,0,0,0,0,0,0,0
cmd/cgo/internal/testcarchive/testdata/main7.c,e02fbc5a50769b2c6033df48f3ce27e3e3dc61cd9ea720f97a52cd7e4cd71f99,O2,1,3feceb42c1919f0833a4c8df71330c06ddd15af6bc21edd9ccd9b8c4d64bdaea,0,0,0,0,0,0,0,0,0
cmd/cgo/internal/testcarchive/testdata/main8.c,aafc031898bffa89a0b949fba8fb8f5ffc598c4354fdd11f2b30ff9ad145be70,O0,1,a5c00f51ba524e1de95b83467725ed690493dc2a047447fe4935bf8fd88f3e66,0,0,0,0,0,0,0,0,0
cmd/cgo/internal/testcarchive/testdata/main8.c,aafc031898bffa89a0b949fba8fb8f5ffc598c4354fdd11f2b30ff9ad145be70,O1,1,a5c00f51ba524e1de95b83467725ed690493dc2a047447fe4935bf8fd88f3e66,0,0,0,0,0,0,0,0,0
cmd/cgo/internal/testcarchive/testdata/main8.c,aafc031898bffa89a0b949fba8fb8f5ffc598c4354fdd11f2b30ff9ad145be70,O2,1,a5c00f51ba524e1de95b83467725ed690493dc2a047447fe4935bf8fd88f3e66,0,0,0,0,0,0,0,0,0
cmd/cgo/internal/testcarchive/testdata/main9.c,855c1016eca1fdcbdd0e4d0c80bd951ddd00ced04b079ab20b280162d83572a6,O0,1,a27acee6276e15fa8e961f660a260d63648c4304ac14953b236bf2f3bf62914d,0,0,0,0,0,0,0,0,0
cmd/cgo/internal/testcarchive/testdata/main9.c,855c1016eca1fdcbdd0e4d0c80bd951ddd00ced04b079ab20b280162d83572a6,O1,1,a27acee6276e15fa8e961f660a260d63648c4304ac14953b236bf2f3bf62914d,0,0,0,0,0,0,0,0,0
cmd/cgo/internal/testcarchive/testdata/main9.c,855c1016eca1fdcbdd0e4d0c80bd951ddd00ced04b079ab20b280162d83572a6,O2,1,a27acee6276e15fa8e961f660a260d63648c4304ac14953b236bf2f3bf62914d,0,0,0,0,0,0,0,0,0
cmd/cgo/internal/testcarchive/testdata/main_unix.c,f395747eb1c5b5542780762509eba7f8b0ec9337f6fcb51c86554ce58de2a309,O0,0,e3b0c44298fc1c149afbf4c8996fb92427ae41e4649b934ca495991b7852b855,72,1,0,0,1,0,0,0,0
cmd/cgo/internal/testcarchive/testdata/main_unix.c,f395747eb1c5b5542780762509eba7f8b0ec9337f6fcb51c86554ce58de2a309,O1,0,e3b0c44298fc1c149afbf4c8996fb92427ae41e4649b934ca495991b7852b855,58,1,0,0,1,0,0,0,0
cmd/cgo/internal/testcarchive/testdata/main_unix.c,f395747eb1c5b5542780762509eba7f8b0ec9337f6fcb51c86554ce58de2a309,O2,0,e3b0c44298fc1c149afbf4c8996fb92427ae41e4649b934ca495991b7852b855,58,1,0,0,1,0,0,0,0
cmd/cgo/internal/testcarchive/testdata/main_windows.c,2387c790993b76bd9ce08a168aa57fb69af0e1886e391e6b993279790bf55d46,O0,0,e3b0c44298fc1c149afbf4c8996fb92427ae41e4649b934ca495991b7852b855,2,0,0,0,0,0,0,0,0
cmd/cgo/internal/testcarchive/testdata/main_windows.c,2387c790993b76bd9ce08a168aa57fb69af0e1886e391e6b993279790bf55d46,O1,0,e3b0c44298fc1c149afbf4c8996fb92427ae41e4649b934ca495991b7852b855,2,0,0,0,0,0,0,0,0
cmd/cgo/internal/testcarchive/testdata/main_windows.c,2387c790993b76bd9ce08a168aa57fb69af0e1886e391e6b993279790bf55d46,O2,0,e3b0c44298fc1c149afbf4c8996fb92427ae41e4649b934ca495991b7852b855,2,0,0,0,0,0,0,0,0
cmd/cgo/internal/testcshared/testdata/go2c2go/m1/c.c,674729c5786cec0a5a99544db5600bf5c64493384b9a91e79707b6eb7b7abf26,O0,1,648ca7df62448ba3349e456633541b3de58964def3ad6f505c0bddf4f01a369a,0,0,0,0,0,0,0,0,0
cmd/cgo/internal/testcshared/testdata/go2c2go/m1/c.c,674729c5786cec0a5a99544db5600bf5c64493384b9a91e79707b6eb7b7abf26,O1,1,648ca7df62448ba3349e456633541b3de58964def3ad6f505c0bddf4f01a369a,0,0,0,0,0,0,0,0,0
cmd/cgo/internal/testcshared/testdata/go2c2go/m1/c.c,674729c5786cec0a5a99544db5600bf5c64493384b9a91e79707b6eb7b7abf26,O2,1,648ca7df62448ba3349e456633541b3de58964def3ad6f505c0bddf4f01a369a,0,0,0,0,0,0,0,0,0
cmd/cgo/internal/testcshared/testdata/main0.c,777d7732677397a74be5b7c1e52312bdc66f5ee17c548f86c4fba1a9b172a458,O0,1,fecfa7f1c72f67012f018a44182a9e6a8162e72c913b5099212128a81df0c973,0,0,0,0,0,0,0,0,0
cmd/cgo/internal/testcshared/testdata/main0.c,777d7732677397a74be5b7c1e52312bdc66f5ee17c548f86c4fba1a9b172a458,O1,1,fecfa7f1c72f67012f018a44182a9e6a8162e72c913b5099212128a81df0c973,0,0,0,0,0,0,0,0,0
cmd/cgo/internal/testcshared/testdata/main0.c,777d7732677397a74be5b7c1e52312bdc66f5ee17c548f86c4fba1a9b172a458,O2,1,fecfa7f1c72f67012f018a44182a9e6a8162e72c913b5099212128a81df0c973,0,0,0,0,0,0,0,0,0
cmd/cgo/internal/testcshared/testdata/main1.c,1b0132f1155bb074662fd0c9f52f84c36157a67a08d6f800c7abdc2d6f078aa6,O0,0,e3b0c44298fc1c149afbf4c8996fb92427ae41e4649b934ca495991b7852b855,138,0,0,0,0,0,0,0,0
cmd/cgo/internal/testcshared/testdata/main1.c,1b0132f1155bb074662fd0c9f52f84c36157a67a08d6f800c7abdc2d6f078aa6,O1,0,e3b0c44298fc1c149afbf4c8996fb92427ae41e4649b934ca495991b7852b855,118,5,0,1,6,3,2,0,0
cmd/cgo/internal/testcshared/testdata/main1.c,1b0132f1155bb074662fd0c9f52f84c36157a67a08d6f800c7abdc2d6f078aa6,O2,0,e3b0c44298fc1c149afbf4c8996fb92427ae41e4649b934ca495991b7852b855,118,5,0,1,6,3,2,0,0
cmd/cgo/internal/testcshared/testdata/main2.c,2dec374d03cd80e8ea4a63ffd2b8ea5ada629fddb4d95219ec90a249d029f034,O0,0,e3b0c44298fc1c149afbf4c8996fb92427ae41e4649b934ca495991b7852b855,73,4,0,0,4,1,1,0,0
cmd/cgo/internal/testcshared/testdata/main2.c,2dec374d03cd80e8ea4a63ffd2b8ea5ada629fddb4d95219ec90a249d029f034,O1,0,e3b0c44298fc1c149afbf4c8996fb92427ae41e4649b934ca495991b7852b855,60,2,0,0,2,0,0,0,0
cmd/cgo/internal/testcshared/testdata/main2.c,2dec374d03cd80e8ea4a63ffd2b8ea5ada629fddb4d95219ec90a249d029f034,O2,0,e3b0c44298fc1c149afbf4c8996fb92427ae41e4649b934ca495991b7852b855,58,2,0,0,2,0,0,0,0
cmd/cgo/internal/testcshared/testdata/main3.c,e707a3c469a84a84aa47484cf8c744a131dbefdc8838b34970ddb9bdef486493,O0,0,e3b0c44298fc1c149afbf4c8996fb92427ae41e4649b934ca495991b7852b855,38,0,0,0,0,0,0,0,0
cmd/cgo/internal/testcshared/testdata/main3.c,e707a3c469a84a84aa47484cf8c744a131dbefdc8838b34970ddb9bdef486493,O1,0,e3b0c44298fc1c149afbf4c8996fb92427ae41e4649b934ca495991b7852b855,28,0,0,0,0,0,0,0,0
cmd/cgo/internal/testcshared/testdata/main3.c,e707a3c469a84a84aa47484cf8c744a131dbefdc8838b34970ddb9bdef486493,O2,0,e3b0c44298fc1c149afbf4c8996fb92427ae41e4649b934ca495991b7852b855,28,0,0,0,0,0,0,0,0
cmd/cgo/internal/testcshared/testdata/main4.c,369ceb8cfb485d221d175bd7fd8714b3a10e8f6208095147f8d2abd077288651,O0,0,e3b0c44298fc1c149afbf4c8996fb92427ae41e4649b934ca495991b7852b855,275,2,0,1,3,1,0,0,0
cmd/cgo/internal/testcshared/testdata/main4.c,369ceb8cfb485d221d175bd7fd8714b3a10e8f6208095147f8d2abd077288651,O1,0,e3b0c44298fc1c149afbf4c8996fb92427ae41e4649b934ca495991b7852b855,270,7,0,0,7,4,4,0,0
cmd/cgo/internal/testcshared/testdata/main4.c,369ceb8cfb485d221d175bd7fd8714b3a10e8f6208095147f8d2abd077288651,O2,0,e3b0c44298fc1c149afbf4c8996fb92427ae41e4649b934ca495991b7852b855,281,8,0,0,8,4,4,0,0
cmd/cgo/internal/testcshared/testdata/main5.c,de266b82d02c0132a4c0b1e9271048067f922c74dc6611798070ab19f055af22,O0,0,e3b0c44298fc1c149afbf4c8996fb92427ae41e4649b934ca495991b7852b855,274,2,0,0,2,0,0,0,0
cmd/cgo/internal/testcshared/testdata/main5.c,de266b82d02c0132a4c0b1e9271048067f922c74dc6611798070ab19f055af22,O1,0,e3b0c44298fc1c149afbf4c8996fb92427ae41e4649b934ca495991b7852b855,289,7,0,0,7,4,4,0,0
cmd/cgo/internal/testcshared/testdata/main5.c,de266b82d02c0132a4c0b1e9271048067f922c74dc6611798070ab19f055af22,O2,0,e3b0c44298fc1c149afbf4c8996fb92427ae41e4649b934ca495991b7852b855,296,8,0,0,8,4,4,0,0
cmd/cgo/internal/testlife/testdata/c-life.c,3dcc40028f8da5351501969e683841e90e3ef3da8b5fe5b796da5f6ace16b3d3,O0,1,0081bb4a8207c06fb2119907a02f7c6423417eda4040fafc2a255aaf1b64d0b9,0,0,0,0,0,0,0,0,0
cmd/cgo/internal/testlife/testdata/c-life.c,3dcc40028f8da5351501969e683841e90e3ef3da8b5fe5b796da5f6ace16b3d3,O1,1,0081bb4a8207c06fb2119907a02f7c6423417eda4040fafc2a255aaf1b64d0b9,0,0,0,0,0,0,0,0,0
cmd/cgo/internal/testlife/testdata/c-life.c,3dcc40028f8da5351501969e683841e90e3ef3da8b5fe5b796da5f6ace16b3d3,O2,1,0081bb4a8207c06fb2119907a02f7c6423417eda4040fafc2a255aaf1b64d0b9,0,0,0,0,0,0,0,0,0
cmd/cgo/internal/testplugin/testdata/issue25756/plugin/c-life.c,3dcc40028f8da5351501969e683841e90e3ef3da8b5fe5b796da5f6ace16b3d3,O0,1,c0864a5359d9d5c3665b56a0a25d8d14632b8704197e9777c907fdf7960708c2,0,0,0,0,0,0,0,0,0
cmd/cgo/internal/testplugin/testdata/issue25756/plugin/c-life.c,3dcc40028f8da5351501969e683841e90e3ef3da8b5fe5b796da5f6ace16b3d3,O1,1,c0864a5359d9d5c3665b56a0a25d8d14632b8704197e9777c907fdf7960708c2,0,0,0,0,0,0,0,0,0
cmd/cgo/internal/testplugin/testdata/issue25756/plugin/c-life.c,3dcc40028f8da5351501969e683841e90e3ef3da8b5fe5b796da5f6ace16b3d3,O2,1,c0864a5359d9d5c3665b56a0a25d8d14632b8704197e9777c907fdf7960708c2,0,0,0,0,0,0,0,0,0
cmd/cgo/internal/testsanitizers/testdata/libfuzzer2.c,d4a2b08ff009f4a6e0941250c1deeb5870edc959f8b9974fd119782e5888a469,O0,1,0c79059e13f0517758b45b5a2c07e8e3e0594f345ecccc2eceaf6ff5a2dbe389,0,0,0,0,0,0,0,0,0
cmd/cgo/internal/testsanitizers/testdata/libfuzzer2.c,d4a2b08ff009f4a6e0941250c1deeb5870edc959f8b9974fd119782e5888a469,O1,1,0c79059e13f0517758b45b5a2c07e8e3e0594f345ecccc2eceaf6ff5a2dbe389,0,0,0,0,0,0,0,0,0
cmd/cgo/internal/testsanitizers/testdata/libfuzzer2.c,d4a2b08ff009f4a6e0941250c1deeb5870edc959f8b9974fd119782e5888a469,O2,1,0c79059e13f0517758b45b5a2c07e8e3e0594f345ecccc2eceaf6ff5a2dbe389,0,0,0,0,0,0,0,0,0
cmd/cgo/internal/testso/testdata/so/cgoso.c,6a0bb54ec6357e09f55acc316a22199519e64b2490101d37f46c06f813c91ce1,O0,1,f6b2c14246a33e92e8db8f2a38c4ca806dd4251e52f50ecc051af61151122dbd,0,0,0,0,0,0,0,0,0
cmd/cgo/internal/testso/testdata/so/cgoso.c,6a0bb54ec6357e09f55acc316a22199519e64b2490101d37f46c06f813c91ce1,O1,1,f6b2c14246a33e92e8db8f2a38c4ca806dd4251e52f50ecc051af61151122dbd,0,0,0,0,0,0,0,0,0
cmd/cgo/internal/testso/testdata/so/cgoso.c,6a0bb54ec6357e09f55acc316a22199519e64b2490101d37f46c06f813c91ce1,O2,1,f6b2c14246a33e92e8db8f2a38c4ca806dd4251e52f50ecc051af61151122dbd,0,0,0,0,0,0,0,0,0
cmd/cgo/internal/testso/testdata/so/cgoso_c.c,a9972530d315817659945f6fb9f577df54b249c5eeb4ed3ae623a939b34a3fc3,O0,0,e3b0c44298fc1c149afbf4c8996fb92427ae41e4649b934ca495991b7852b855,6,0,0,0,0,0,0,0,0
cmd/cgo/internal/testso/testdata/so/cgoso_c.c,a9972530d315817659945f6fb9f577df54b249c5eeb4ed3ae623a939b34a3fc3,O1,0,e3b0c44298fc1c149afbf4c8996fb92427ae41e4649b934ca495991b7852b855,3,0,0,0,0,0,0,0,0
cmd/cgo/internal/testso/testdata/so/cgoso_c.c,a9972530d315817659945f6fb9f577df54b249c5eeb4ed3ae623a939b34a3fc3,O2,0,e3b0c44298fc1c149afbf4c8996fb92427ae41e4649b934ca495991b7852b855,3,0,0,0,0,0,0,0,0
cmd/cgo/internal/testso/testdata/sovar/cgoso_c.c,3c549ed1c54f8548c8a186d93b112e539440fa9066382847c74368a5b6fc54a4,O0,0,e3b0c44298fc1c149afbf4c8996fb92427ae41e4649b934ca495991b7852b855,0,0,0,0,0,0,0,0,0
cmd/cgo/internal/testso/testdata/sovar/cgoso_c.c,3c549ed1c54f8548c8a186d93b112e539440fa9066382847c74368a5b6fc54a4,O1,0,e3b0c44298fc1c149afbf4c8996fb92427ae41e4649b934ca495991b7852b855,0,0,0,0,0,0,0,0,0
cmd/cgo/internal/testso/testdata/sovar/cgoso_c.c,3c549ed1c54f8548c8a186d93b112e539440fa9066382847c74368a5b6fc54a4,O2,0,e3b0c44298fc1c149afbf4c8996fb92427ae41e4649b934ca495991b7852b855,0,0,0,0,0,0,0,0,0
cmd/cgo/internal/testtls/tls.c,3db794c8c6d91569629892b12bf36508f26dea8677ebe128f11aebb1179b52bc,O0,0,e3b0c44298fc1c149afbf4c8996fb92427ae41e4649b934ca495991b7852b855,10,0,0,0,0,0,0,0,0
cmd/cgo/internal/testtls/tls.c,3db794c8c6d91569629892b12bf36508f26dea8677ebe128f11aebb1179b52bc,O1,0,e3b0c44298fc1c149afbf4c8996fb92427ae41e4649b934ca495991b7852b855,7,0,0,0,0,0,0,0,0
cmd/cgo/internal/testtls/tls.c,3db794c8c6d91569629892b12bf36508f26dea8677ebe128f11aebb1179b52bc,O2,0,e3b0c44298fc1c149afbf4c8996fb92427ae41e4649b934ca495991b7852b855,7,0,0,0,0,0,0,0,0
cmd/go/internal/modindex/testdata/ignore_non_source/c.c,e3b0c44298fc1c149afbf4c8996fb92427ae41e4649b934ca495991b7852b855,O0,0,e3b0c44298fc1c149afbf4c8996fb92427ae41e4649b934ca495991b7852b855,0,0,0,0,0,0,0,0,0
cmd/go/internal/modindex/testdata/ignore_non_source/c.c,e3b0c44298fc1c149afbf4c8996fb92427ae41e4649b934ca495991b7852b855,O1,0,e3b0c44298fc1c149afbf4c8996fb92427ae41e4649b934ca495991b7852b855,0,0,0,0,0,0,0,0,0
cmd/go/internal/modindex/testdata/ignore_non_source/c.c,e3b0c44298fc1c149afbf4c8996fb92427ae41e4649b934ca495991b7852b855,O2,0,e3b0c44298fc1c149afbf4c8996fb92427ae41e4649b934ca495991b7852b855,0,0,0,0,0,0,0,0,0
cmd/internal/archive/testdata/mycgo/c1.c,9078c201c05e71f391fc4e1a5396435da5c0e085ebcec3b5e1d28cf907f86dc4,O0,0,e3b0c44298fc1c149afbf4c8996fb92427ae41e4649b934ca495991b7852b855,2,0,0,0,0,0,0,0,0
cmd/internal/archive/testdata/mycgo/c1.c,9078c201c05e71f391fc4e1a5396435da5c0e085ebcec3b5e1d28cf907f86dc4,O1,0,e3b0c44298fc1c149afbf4c8996fb92427ae41e4649b934ca495991b7852b855,2,0,0,0,0,0,0,0,0
cmd/internal/archive/testdata/mycgo/c1.c,9078c201c05e71f391fc4e1a5396435da5c0e085ebcec3b5e1d28cf907f86dc4,O2,0,e3b0c44298fc1c149afbf4c8996fb92427ae41e4649b934ca495991b7852b855,2,0,0,0,0,0,0,0,0
cmd/internal/archive/testdata/mycgo/c2.c,1025a047bbb01f0a187ef9f1bc8db7cc3096fedbdd4a465df738a7f679cc006b,O0,0,e3b0c44298fc1c149afbf4c8996fb92427ae41e4649b934ca495991b7852b855,2,0,0,0,0,0,0,0,0
cmd/internal/archive/testdata/mycgo/c2.c,1025a047bbb01f0a187ef9f1bc8db7cc3096fedbdd4a465df738a7f679cc006b,O1,0,e3b0c44298fc1c149afbf4c8996fb92427ae41e4649b934ca495991b7852b855,2,0,0,0,0,0,0,0,0
cmd/internal/archive/testdata/mycgo/c2.c,1025a047bbb01f0a187ef9f1bc8db7cc3096fedbdd4a465df738a7f679cc006b,O2,0,e3b0c44298fc1c149afbf4c8996fb92427ae41e4649b934ca495991b7852b855,2,0,0,0,0,0,0,0,0
cmd/link/testdata/testBuildFortvOS/main.m,ee01727df300b1818d1afec94886b79d21c6c1ca08f492545e4822f33ad25260,O0,0,e3b0c44298fc1c149afbf4c8996fb92427ae41e4649b934ca495991b7852b855,6,0,0,0,0,0,0,0,0
cmd/link/testdata/testBuildFortvOS/main.m,ee01727df300b1818d1afec94886b79d21c6c1ca08f492545e4822f33ad25260,O1,0,e3b0c44298fc1c149afbf4c8996fb92427ae41e4649b934ca495991b7852b855,2,0,0,0,0,0,0,0,0
cmd/link/testdata/testBuildFortvOS/main.m,ee01727df300b1818d1afec94886b79d21c6c1ca08f492545e4822f33ad25260,O2,0,e3b0c44298fc1c149afbf4c8996fb92427ae41e4649b934ca495991b7852b855,2,0,0,0,0,0,0,0,0
cmd/vendor/golang.org/x/sys/unix/gccgo_c.c,3bea4e48ed46901e180e143da42b8380392f50f5ac428022a64bc31899ec1a81,O0,1,06e60c3f6399e6c0b915c70f4d645399cc8bc6cdd2fe3b09ac514839dde2500e,0,0,0,0,0,0,0,0,0
cmd/vendor/golang.org/x/sys/unix/gccgo_c.c,3bea4e48ed46901e180e143da42b8380392f50f5ac428022a64bc31899ec1a81,O1,1,06e60c3f6399e6c0b915c70f4d645399cc8bc6cdd2fe3b09ac514839dde2500e,0,0,0,0,0,0,0,0,0
cmd/vendor/golang.org/x/sys/unix/gccgo_c.c,3bea4e48ed46901e180e143da42b8380392f50f5ac428022a64bc31899ec1a81,O2,1,06e60c3f6399e6c0b915c70f4d645399cc8bc6cdd2fe3b09ac514839dde2500e,0,0,0,0,0,0,0,0,0
crypto/internal/boring/div_test.c,4ea5d2571735ff3a6d059a85e1fc9a8941120ed089200eaa0b43dba4167f69a8,O0,0,e3b0c44298fc1c149afbf4c8996fb92427ae41e4649b934ca495991b7852b855,138,6,0,0,6,3,3,0,0
crypto/internal/boring/div_test.c,4ea5d2571735ff3a6d059a85e1fc9a8941120ed089200eaa0b43dba4167f69a8,O1,0,e3b0c44298fc1c149afbf4c8996fb92427ae41e4649b934ca495991b7852b855,62,11,0,13,17,12,7,0,5
crypto/internal/boring/div_test.c,4ea5d2571735ff3a6d059a85e1fc9a8941120ed089200eaa0b43dba4167f69a8,O2,0,e3b0c44298fc1c149afbf4c8996fb92427ae41e4649b934ca495991b7852b855,86,12,0,17,21,16,8,0,9
debug/dwarf/testdata/bitfields.c,c34b40f82a9692c420099ab26fd7636338d819bb3fb307bb4c2410c5303e588c,O0,0,e3b0c44298fc1c149afbf4c8996fb92427ae41e4649b934ca495991b7852b855,0,0,0,0,0,0,0,0,0
debug/dwarf/testdata/bitfields.c,c34b40f82a9692c420099ab26fd7636338d819bb3fb307bb4c2410c5303e588c,O1,0,e3b0c44298fc1c149afbf4c8996fb92427ae41e4649b934ca495991b7852b855,0,0,0,0,0,0,0,0,0
debug/dwarf/testdata/bitfields.c,c34b40f82a9692c420099ab26fd7636338d819bb3fb307bb4c2410c5303e588c,O2,0,e3b0c44298fc1c149afbf4c8996fb92427ae41e4649b934ca495991b7852b855,0,0,0,0,0,0,0,0,0
debug/dwarf/testdata/cppunsuptypes.cc,3dea181673ee7f89b6c21747c861a3884c1099665487d398a23426396897dfa6,O0,0,e3b0c44298fc1c149afbf4c8996fb92427ae41e4649b934ca495991b7852b855,8,0,0,0,0,0,0,0,0
debug/dwarf/testdata/cppunsuptypes.cc,3dea181673ee7f89b6c21747c861a3884c1099665487d398a23426396897dfa6,O1,0,e3b0c44298fc1c149afbf4c8996fb92427ae41e4649b934ca495991b7852b855,1,0,0,0,0,0,0,0,0
debug/dwarf/testdata/cppunsuptypes.cc,3dea181673ee7f89b6c21747c861a3884c1099665487d398a23426396897dfa6,O2,0,e3b0c44298fc1c149afbf4c8996fb92427ae41e4649b934ca495991b7852b855,1,0,0,0,0,0,0,0,0
debug/dwarf/testdata/cycle.c,e8a8759544bca57bf6bc02201e328f7a78ef57462b6024e2473f75b5bed38cc5,O0,0,e3b0c44298fc1c149afbf4c8996fb92427ae41e4649b934ca495991b7852b855,1,0,0,0,0,0,0,0,0
debug/dwarf/testdata/cycle.c,e8a8759544bca57bf6bc02201e328f7a78ef57462b6024e2473f75b5bed38cc5,O1,0,e3b0c44298fc1c149afbf4c8996fb92427ae41e4649b934ca495991b7852b855,1,0,0,0,0,0,0,0,0
debug/dwarf/testdata/cycle.c,e8a8759544bca57bf6bc02201e328f7a78ef57462b6024e2473f75b5bed38cc5,O2,0,e3b0c44298fc1c149afbf4c8996fb92427ae41e4649b934ca495991b7852b855,1,0,0,0,0,0,0,0,0
debug/dwarf/testdata/line1.c,ea53e5c97f37633da2642e70c9444603aa82a3e4e708630ee12292b33f1a62b9,O0,0,e3b0c44298fc1c149afbf4c8996fb92427ae41e4649b934ca495991b7852b855,20,1,0,0,1,0,0,0,0
debug/dwarf/testdata/line1.c,ea53e5c97f37633da2642e70c9444603aa82a3e4e708630ee12292b33f1a62b9,O1,0,e3b0c44298fc1c149afbf4c8996fb92427ae41e4649b934ca495991b7852b855,2,0,0,0,0,0,0,0,0
debug/dwarf/testdata/line1.c,ea53e5c97f37633da2642e70c9444603aa82a3e4e708630ee12292b33f1a62b9,O2,0,e3b0c44298fc1c149afbf4c8996fb92427ae41e4649b934ca495991b7852b855,2,0,0,0,0,0,0,0,0
debug/dwarf/testdata/line2.c,dd373e5fe702ed0a6f1bbd4f89029aaba37c8df99d44e533a622799fedac53df,O0,0,e3b0c44298fc1c149afbf4c8996fb92427ae41e4649b934ca495991b7852b855,2,0,0,0,0,0,0,0,0
debug/dwarf/testdata/line2.c,dd373e5fe702ed0a6f1bbd4f89029aaba37c8df99d44e533a622799fedac53df,O1,0,e3b0c44298fc1c149afbf4c8996fb92427ae41e4649b934ca495991b7852b855,2,0,0,0,0,0,0,0,0
debug/dwarf/testdata/line2.c,dd373e5fe702ed0a6f1bbd4f89029aaba37c8df99d44e533a622799fedac53df,O2,0,e3b0c44298fc1c149afbf4c8996fb92427ae41e4649b934ca495991b7852b855,2,0,0,0,0,0,0,0,0
debug/dwarf/testdata/ranges.c,02c38db748eef0b91f934f31a8afe54faa3b8a42993aed121f423a4c19745aa7,O0,0,e3b0c44298fc1c149afbf4c8996fb92427ae41e4649b934ca495991b7852b855,50,2,0,0,2,0,0,0,0
debug/dwarf/testdata/ranges.c,02c38db748eef0b91f934f31a8afe54faa3b8a42993aed121f423a4c19745aa7,O1,0,e3b0c44298fc1c149afbf4c8996fb92427ae41e4649b934ca495991b7852b855,21,5,0,0,5,2,2,0,0
debug/dwarf/testdata/ranges.c,02c38db748eef0b91f934f31a8afe54faa3b8a42993aed121f423a4c19745aa7,O2,0,e3b0c44298fc1c149afbf4c8996fb92427ae41e4649b934ca495991b7852b855,69,13,0,0,13,9,9,0,0
debug/dwarf/testdata/rnglistx.c,a3a7b467708195bbabd5ea357b056c58d778e8c61437dee18279620f86bfaa4c,O0,0,e3b0c44298fc1c149afbf4c8996fb92427ae41e4649b934ca495991b7852b855,41,4,0,0,4,1,1,0,0
debug/dwarf/testdata/rnglistx.c,a3a7b467708195bbabd5ea357b056c58d778e8c61437dee18279620f86bfaa4c,O1,0,e3b0c44298fc1c149afbf4c8996fb92427ae41e4649b934ca495991b7852b855,21,7,0,1,7,4,4,0,0
debug/dwarf/testdata/rnglistx.c,a3a7b467708195bbabd5ea357b056c58d778e8c61437dee18279620f86bfaa4c,O2,0,e3b0c44298fc1c149afbf4c8996fb92427ae41e4649b934ca495991b7852b855,21,7,0,1,7,4,4,0,0
debug/dwarf/testdata/split.c,bf18d1d7eeaa465f05f8ebfc104558f81a81a0a660151c7d9d85b2fe86a0a5ce,O0,0,e3b0c44298fc1c149afbf4c8996fb92427ae41e4649b934ca495991b7852b855,1,0,0,0,0,0,0,0,0
debug/dwarf/testdata/split.c,bf18d1d7eeaa465f05f8ebfc104558f81a81a0a660151c7d9d85b2fe86a0a5ce,O1,0,e3b0c44298fc1c149afbf4c8996fb92427ae41e4649b934ca495991b7852b855,1,0,0,0,0,0,0,0,0
debug/dwarf/testdata/split.c,bf18d1d7eeaa465f05f8ebfc104558f81a81a0a660151c7d9d85b2fe86a0a5ce,O2,0,e3b0c44298fc1c149afbf4c8996fb92427ae41e4649b934ca495991b7852b855,1,0,0,0,0,0,0,0,0
debug/dwarf/testdata/typedef.c,1cf6a516c3427d607c8f399bddba39cf02691efcdb2ee1fda5c171e5829e3d55,O0,0,e3b0c44298fc1c149afbf4c8996fb92427ae41e4649b934ca495991b7852b855,3,0,0,0,0,0,0,0,0
debug/dwarf/testdata/typedef.c,1cf6a516c3427d607c8f399bddba39cf02691efcdb2ee1fda5c171e5829e3d55,O1,0,e3b0c44298fc1c149afbf4c8996fb92427ae41e4649b934ca495991b7852b855,1,0,0,0,0,0,0,0,0
debug/dwarf/testdata/typedef.c,1cf6a516c3427d607c8f399bddba39cf02691efcdb2ee1fda5c171e5829e3d55,O2,0,e3b0c44298fc1c149afbf4c8996fb92427ae41e4649b934ca495991b7852b855,1,0,0,0,0,0,0,0,0
debug/elf/testdata/hello.c,3f6097ad890b3178b65f12c744a7b629c25d66f1daeb8f1acb82868a34f52672,O0,0,e3b0c44298fc1c149afbf4c8996fb92427ae41e4649b934ca495991b7852b855,6,0,0,0,0,0,0,0,0
debug/elf/testdata/hello.c,3f6097ad890b3178b65f12c744a7b629c25d66f1daeb8f1acb82868a34f52672,O1,0,e3b0c44298fc1c149afbf4c8996fb92427ae41e4649b934ca495991b7852b855,2,0,0,0,0,0,0,0,0
debug/elf/testdata/hello.c,3f6097ad890b3178b65f12c744a7b629c25d66f1daeb8f1acb82868a34f52672,O2,0,e3b0c44298fc1c149afbf4c8996fb92427ae41e4649b934ca495991b7852b855,2,0,0,0,0,0,0,0,0
debug/elf/testdata/multiple-code-sections.c,44fe05930bbcd744ae7f3b884a0cbedd50245f54d10aacefc0c1a4a163b19570,O0,0,e3b0c44298fc1c149afbf4c8996fb92427ae41e4649b934ca495991b7852b855,8,0,0,0,0,0,0,0,0
debug/elf/testdata/multiple-code-sections.c,44fe05930bbcd744ae7f3b884a0cbedd50245f54d10aacefc0c1a4a163b19570,O1,0,e3b0c44298fc1c149afbf4c8996fb92427ae41e4649b934ca495991b7852b855,2,0,0,0,0,0,0,0,0
debug/elf/testdata/multiple-code-sections.c,44fe05930bbcd744ae7f3b884a0cbedd50245f54d10aacefc0c1a4a163b19570,O2,0,e3b0c44298fc1c149afbf4c8996fb92427ae41e4649b934ca495991b7852b855,2,0,0,0,0,0,0,0,0
debug/macho/testdata/hello.c,b56bc30a35b0e984799aac58be0e7c994183bdba43e52a4249896d563fe85449,O0,0,e3b0c44298fc1c149afbf4c8996fb92427ae41e4649b934ca495991b7852b855,4,0,0,0,0,0,0,0,0
debug/macho/testdata/hello.c,b56bc30a35b0e984799aac58be0e7c994183bdba43e52a4249896d563fe85449,O1,0,e3b0c44298fc1c149afbf4c8996fb92427ae41e4649b934ca495991b7852b855,2,0,0,0,0,0,0,0,0
debug/macho/testdata/hello.c,b56bc30a35b0e984799aac58be0e7c994183bdba43e52a4249896d563fe85449,O2,0,e3b0c44298fc1c149afbf4c8996fb92427ae41e4649b934ca495991b7852b855,2,0,0,0,0,0,0,0,0
debug/pe/testdata/hello.c,b56bc30a35b0e984799aac58be0e7c994183bdba43e52a4249896d563fe85449,O0,0,e3b0c44298fc1c149afbf4c8996fb92427ae41e4649b934ca495991b7852b855,4,0,0,0,0,0,0,0,0
debug/pe/testdata/hello.c,b56bc30a35b0e984799aac58be0e7c994183bdba43e52a4249896d563fe85449,O1,0,e3b0c44298fc1c149afbf4c8996fb92427ae41e4649b934ca495991b7852b855,2,0,0,0,0,0,0,0,0
debug/pe/testdata/hello.c,b56bc30a35b0e984799aac58be0e7c994183bdba43e52a4249896d563fe85449,O2,0,e3b0c44298fc1c149afbf4c8996fb92427ae41e4649b934ca495991b7852b855,2,0,0,0,0,0,0,0,0
debug/plan9obj/testdata/hello.c,f394bd43efc0bda10d7da6e5217baf311bc1240128411b4c7a284a3b1c46ec62,O0,1,50e8ff18fc11745fb55c84bb635c1008d1de96ba299456c36ca21e7b9e9e5bbf,0,0,0,0,0,0,0,0,0
debug/plan9obj/testdata/hello.c,f394bd43efc0bda10d7da6e5217baf311bc1240128411b4c7a284a3b1c46ec62,O1,1,50e8ff18fc11745fb55c84bb635c1008d1de96ba299456c36ca21e7b9e9e5bbf,0,0,0,0,0,0,0,0,0
debug/plan9obj/testdata/hello.c,f394bd43efc0bda10d7da6e5217baf311bc1240128411b4c7a284a3b1c46ec62,O2,1,50e8ff18fc11745fb55c84bb635c1008d1de96ba299456c36ca21e7b9e9e5bbf,0,0,0,0,0,0,0,0,0
internal/xcoff/testdata/hello.c,3f6097ad890b3178b65f12c744a7b629c25d66f1daeb8f1acb82868a34f52672,O0,0,e3b0c44298fc1c149afbf4c8996fb92427ae41e4649b934ca495991b7852b855,6,0,0,0,0,0,0,0,0
internal/xcoff/testdata/hello.c,3f6097ad890b3178b65f12c744a7b629c25d66f1daeb8f1acb82868a34f52672,O1,0,e3b0c44298fc1c149afbf4c8996fb92427ae41e4649b934ca495991b7852b855,2,0,0,0,0,0,0,0,0
internal/xcoff/testdata/hello.c,3f6097ad890b3178b65f12c744a7b629c25d66f1daeb8f1acb82868a34f52672,O2,0,e3b0c44298fc1c149afbf4c8996fb92427ae41e4649b934ca495991b7852b855,2,0,0,0,0,0,0,0,0
internal/xcoff/testdata/printbye.c,1a67b29c4f21a4e020b1dfa7f920d66e9273322ed6105ac2c1e78f5fda8aaae1,O0,0,e3b0c44298fc1c149afbf4c8996fb92427ae41e4649b934ca495991b7852b855,2,0,0,0,0,0,0,0,0
internal/xcoff/testdata/printbye.c,1a67b29c4f21a4e020b1dfa7f920d66e9273322ed6105ac2c1e78f5fda8aaae1,O1,0,e3b0c44298fc1c149afbf4c8996fb92427ae41e4649b934ca495991b7852b855,2,0,0,0,0,0,0,0,0
internal/xcoff/testdata/printbye.c,1a67b29c4f21a4e020b1dfa7f920d66e9273322ed6105ac2c1e78f5fda8aaae1,O2,0,e3b0c44298fc1c149afbf4c8996fb92427ae41e4649b934ca495991b7852b855,2,0,0,0,0,0,0,0,0
internal/xcoff/testdata/printhello.c,500cc3c675849b790f2cac07ada49a2fe23d352dbd03153a500c1d755e82797c,O0,0,e3b0c44298fc1c149afbf4c8996fb92427ae41e4649b934ca495991b7852b855,2,0,0,0,0,0,0,0,0
internal/xcoff/testdata/printhello.c,500cc3c675849b790f2cac07ada49a2fe23d352dbd03153a500c1d755e82797c,O1,0,e3b0c44298fc1c149afbf4c8996fb92427ae41e4649b934ca495991b7852b855,2,0,0,0,0,0,0,0,0
internal/xcoff/testdata/printhello.c,500cc3c675849b790f2cac07ada49a2fe23d352dbd03153a500c1d755e82797c,O2,0,e3b0c44298fc1c149afbf4c8996fb92427ae41e4649b934ca495991b7852b855,2,0,0,0,0,0,0,0,0
regexp/testdata/testregex.c,0460365072087dab590c01814b56e2ca64c89a576eace2e06482192f1a49dc24,O0,1,7c5dbe7d8f9d9e7336943527e01f0008ba0778b6b2a8473371dbfb69372e5c63,0,0,0,0,0,0,0,0,0
regexp/testdata/testregex.c,0460365072087dab590c01814b56e2ca64c89a576eace2e06482192f1a49dc24,O1,1,7c5dbe7d8f9d9e7336943527e01f0008ba0778b6b2a8473371dbfb69372e5c63,0,0,0,0,0,0,0,0,0
regexp/testdata/testregex.c,0460365072087dab590c01814b56e2ca64c89a576eace2e06482192f1a49dc24,O2,1,7c5dbe7d8f9d9e7336943527e01f0008ba0778b6b2a8473371dbfb69372e5c63,0,0,0,0,0,0,0,0,0
runtime/cgo/gcc_aix_ppc64.c,f778c6e5288146bdc2d5f8f42a958bb707e321086e93b709aa2918e6dbe9945d,O0,0,e3b0c44298fc1c149afbf4c8996fb92427ae41e4649b934ca495991b7852b855,14,0,0,0,0,0,0,0,0
runtime/cgo/gcc_aix_ppc64.c,f778c6e5288146bdc2d5f8f42a958bb707e321086e93b709aa2918e6dbe9945d,O1,0,e3b0c44298fc1c149afbf4c8996fb92427ae41e4649b934ca495991b7852b855,6,0,0,0,0,0,0,0,0
runtime/cgo/gcc_aix_ppc64.c,f778c6e5288146bdc2d5f8f42a958bb707e321086e93b709aa2918e6dbe9945d,O2,0,e3b0c44298fc1c149afbf4c8996fb92427ae41e4649b934ca495991b7852b855,6,0,0,0,0,0,0,0,0
runtime/cgo/gcc_android.c,92ee44eaab25fc059fc061c684886fc65e21eb721a774b709d9d8a792b59c05d,O0,1,5367806ec52b715a96ca4bfb0a7d4fc5fbe3644d212fc37b05f78e8268687d40,0,0,0,0,0,0,0,0,0
runtime/cgo/gcc_android.c,92ee44eaab25fc059fc061c684886fc65e21eb721a774b709d9d8a792b59c05d,O1,1,5367806ec52b715a96ca4bfb0a7d4fc5fbe3644d212fc37b05f78e8268687d40,0,0,0,0,0,0,0,0,0
runtime/cgo/gcc_android.c,92ee44eaab25fc059fc061c684886fc65e21eb721a774b709d9d8a792b59c05d,O2,1,5367806ec52b715a96ca4bfb0a7d4fc5fbe3644d212fc37b05f78e8268687d40,0,0,0,0,0,0,0,0,0
runtime/cgo/gcc_context.c,5e7e6d031bd63b00fcddc755e2823ef38afcb561587b12e4e45c68bddbfd07fe,O0,0,e3b0c44298fc1c149afbf4c8996fb92427ae41e4649b934ca495991b7852b855,19,0,0,0,0,0,0,0,0
runtime/cgo/gcc_context.c,5e7e6d031bd63b00fcddc755e2823ef38afcb561587b12e4e45c68bddbfd07fe,O1,0,e3b0c44298fc1c149afbf4c8996fb92427ae41e4649b934ca495991b7852b855,12,0,0,1,1,0,0,0,0
runtime/cgo/gcc_context.c,5e7e6d031bd63b00fcddc755e2823ef38afcb561587b12e4e45c68bddbfd07fe,O2,0,e3b0c44298fc1c149afbf4c8996fb92427ae41e4649b934ca495991b7852b855,12,0,0,1,1,0,0,0,0
runtime/cgo/gcc_darwin_amd64.c,02a6e36e9637f0688b542fcb849bbe3c6b9beff1c282501bab96773ebc48dcff,O0,0,e3b0c44298fc1c149afbf4c8996fb92427ae41e4649b934ca495991b7852b855,64,0,0,0,0,0,0,0,0
runtime/cgo/gcc_darwin_amd64.c,02a6e36e9637f0688b542fcb849bbe3c6b9beff1c282501bab96773ebc48dcff,O1,0,e3b0c44298fc1c149afbf4c8996fb92427ae41e4649b934ca495991b7852b855,45,1,0,0,1,0,0,0,0
runtime/cgo/gcc_darwin_amd64.c,02a6e36e9637f0688b542fcb849bbe3c6b9beff1c282501bab96773ebc48dcff,O2,0,e3b0c44298fc1c149afbf4c8996fb92427ae41e4649b934ca495991b7852b855,45,1,0,0,1,0,0,0,0
runtime/cgo/gcc_darwin_arm64.c,fc0eb8132b79caa5d2257481cf0e72f0e98f0169d7e2471ee8d50c111bd05edb,O0,1,e1e9d8e17996c99f9555b1e0106ae216d59fa11d119a9d1195132e4578b84c24,0,0,0,0,0,0,0,0,0
runtime/cgo/gcc_darwin_arm64.c,fc0eb8132b79caa5d2257481cf0e72f0e98f0169d7e2471ee8d50c111bd05edb,O1,1,e1e9d8e17996c99f9555b1e0106ae216d59fa11d119a9d1195132e4578b84c24,0,0,0,0,0,0,0,0,0
runtime/cgo/gcc_darwin_arm64.c,fc0eb8132b79caa5d2257481cf0e72f0e98f0169d7e2471ee8d50c111bd05edb,O2,1,e1e9d8e17996c99f9555b1e0106ae216d59fa11d119a9d1195132e4578b84c24,0,0,0,0,0,0,0,0,0
runtime/cgo/gcc_dragonfly_amd64.c,290318e768f5fb42e8a5ff28921a0790df7b6ffe699cbd8ad40f64ae72f19d50,O0,1,24c1188718881833ae773fbfe611f67fe2cca8ca7f354cb9836e3f7c57bb959c,0,0,0,0,0,0,0,0,0
runtime/cgo/gcc_dragonfly_amd64.c,290318e768f5fb42e8a5ff28921a0790df7b6ffe699cbd8ad40f64ae72f19d50,O1,1,24c1188718881833ae773fbfe611f67fe2cca8ca7f354cb9836e3f7c57bb959c,0,0,0,0,0,0,0,0,0
runtime/cgo/gcc_dragonfly_amd64.c,290318e768f5fb42e8a5ff28921a0790df7b6ffe699cbd8ad40f64ae72f19d50,O2,1,24c1188718881833ae773fbfe611f67fe2cca8ca7f354cb9836e3f7c57bb959c,0,0,0,0,0,0,0,0,0
runtime/cgo/gcc_fatalf.c,d407340597efac27ac1f308b5cbf11f2381f25cd944e6fd609319054d8c70fd2,O0,0,e3b0c44298fc1c149afbf4c8996fb92427ae41e4649b934ca495991b7852b855,17,0,0,0,0,0,0,0,0
runtime/cgo/gcc_fatalf.c,d407340597efac27ac1f308b5cbf11f2381f25cd944e6fd609319054d8c70fd2,O1,0,e3b0c44298fc1c149afbf4c8996fb92427ae41e4649b934ca495991b7852b855,12,0,0,0,0,0,0,0,0
runtime/cgo/gcc_fatalf.c,d407340597efac27ac1f308b5cbf11f2381f25cd944e6fd609319054d8c70fd2,O2,0,e3b0c44298fc1c149afbf4c8996fb92427ae41e4649b934ca495991b7852b855,12,0,0,0,0,0,0,0,0
runtime/cgo/gcc_freebsd.c,619ac24689adb796158190a68d91dc302e7c1ef342a6d54ec3651a878ac04cfb,O0,1,716a5854db0667dbbde9b4c3e0b46f5fc627c6a712462b2b4a3f3a2ef865f3c2,0,0,0,0,0,0,0,0,0
runtime/cgo/gcc_freebsd.c,619ac24689adb796158190a68d91dc302e7c1ef342a6d54ec3651a878ac04cfb,O1,1,716a5854db0667dbbde9b4c3e0b46f5fc627c6a712462b2b4a3f3a2ef865f3c2,0,0,0,0,0,0,0,0,0
runtime/cgo/gcc_freebsd.c,619ac24689adb796158190a68d91dc302e7c1ef342a6d54ec3651a878ac04cfb,O2,1,716a5854db0667dbbde9b4c3e0b46f5fc627c6a712462b2b4a3f3a2ef865f3c2,0,0,0,0,0,0,0,0,0
runtime/cgo/gcc_freebsd_amd64.c,36bc3570e0e6183b525951076b36001847a5ac6de0e2d011952bf413d3b06f53,O0,1,d3ad0c4e748078d87bc0106f9f16a180e40c6a2cd487e579ec1830f873f8f145,0,0,0,0,0,0,0,0,0
runtime/cgo/gcc_freebsd_amd64.c,36bc3570e0e6183b525951076b36001847a5ac6de0e2d011952bf413d3b06f53,O1,1,d3ad0c4e748078d87bc0106f9f16a180e40c6a2cd487e579ec1830f873f8f145,0,0,0,0,0,0,0,0,0
runtime/cgo/gcc_freebsd_amd64.c,36bc3570e0e6183b525951076b36001847a5ac6de0e2d011952bf413d3b06f53,O2,1,d3ad0c4e748078d87bc0106f9f16a180e40c6a2cd487e579ec1830f873f8f145,0,0,0,0,0,0,0,0,0
runtime/cgo/gcc_freebsd_sigaction.c,dec849e68899c4a2e44f04decec04f1e0149f37df5dab7099e50b69c459b0b04,O0,1,5c069f554b63146860ab70efae4dd65292d1487daeae96474c6f8a2efbbd01a2,0,0,0,0,0,0,0,0,0
runtime/cgo/gcc_freebsd_sigaction.c,dec849e68899c4a2e44f04decec04f1e0149f37df5dab7099e50b69c459b0b04,O1,1,5c069f554b63146860ab70efae4dd65292d1487daeae96474c6f8a2efbbd01a2,0,0,0,0,0,0,0,0,0
runtime/cgo/gcc_freebsd_sigaction.c,dec849e68899c4a2e44f04decec04f1e0149f37df5dab7099e50b69c459b0b04,O2,1,5c069f554b63146860ab70efae4dd65292d1487daeae96474c6f8a2efbbd01a2,0,0,0,0,0,0,0,0,0
runtime/cgo/gcc_libinit.c,7b7d658a045e588f0ae4d767c24bd741f4b7a6d05590738280f982231108a2e3,O0,0,e3b0c44298fc1c149afbf4c8996fb92427ae41e4649b934ca495991b7852b855,216,8,0,1,9,5,4,0,0
runtime/cgo/gcc_libinit.c,7b7d658a045e588f0ae4d767c24bd741f4b7a6d05590738280f982231108a2e3,O1,0,e3b0c44298fc1c149afbf4c8996fb92427ae41e4649b934ca495991b7852b855,135,13,0,1,14,10,9,0,0
runtime/cgo/gcc_libinit.c,7b7d658a045e588f0ae4d767c24bd741f4b7a6d05590738280f982231108a2e3,O2,0,e3b0c44298fc1c149afbf4c8996fb92427ae41e4649b934ca495991b7852b855,134,12,0,1,13,9,8,0,0
runtime/cgo/gcc_libinit_windows.c,c849c2a54eb96355beb91b4f5d3e7f3e56e1f7b19759fead4b9055b2632f5f7e,O0,1,e10a357f4f961963d119306f01184280e10b9efca56243d3abcaf97d29e091a0,0,0,0,0,0,0,0,0,0
runtime/cgo/gcc_libinit_windows.c,c849c2a54eb96355beb91b4f5d3e7f3e56e1f7b19759fead4b9055b2632f5f7e,O1,1,e10a357f4f961963d119306f01184280e10b9efca56243d3abcaf97d29e091a0,0,0,0,0,0,0,0,0,0
runtime/cgo/gcc_libinit_windows.c,c849c2a54eb96355beb91b4f5d3e7f3e56e1f7b19759fead4b9055b2632f5f7e,O2,1,e10a357f4f961963d119306f01184280e10b9efca56243d3abcaf97d29e091a0,0,0,0,0,0,0,0,0,0
runtime/cgo/gcc_linux.c,3534abbbce791d3d952a93b1bdd1de5bca76cab50791a70f42c2d6d459c6070e,O0,0,e3b0c44298fc1c149afbf4c8996fb92427ae41e4649b934ca495991b7852b855,65,0,0,0,0,0,0,0,0
runtime/cgo/gcc_linux.c,3534abbbce791d3d952a93b1bdd1de5bca76cab50791a70f42c2d6d459c6070e,O1,0,e3b0c44298fc1c149afbf4c8996fb92427ae41e4649b934ca495991b7852b855,46,1,0,0,1,0,0,0,0
runtime/cgo/gcc_linux.c,3534abbbce791d3d952a93b1bdd1de5bca76cab50791a70f42c2d6d459c6070e,O2,0,e3b0c44298fc1c149afbf4c8996fb92427ae41e4649b934ca495991b7852b855,46,1,0,0,1,0,0,0,0
runtime/cgo/gcc_linux_amd64.c,c5de05b31c9083060908613c908efc8a5517872a1fabba01540d266661728ec3,O0,0,e3b0c44298fc1c149afbf4c8996fb92427ae41e4649b934ca495991b7852b855,79,0,0,0,0,0,0,0,0
runtime/cgo/gcc_linux_amd64.c,c5de05b31c9083060908613c908efc8a5517872a1fabba01540d266661728ec3,O1,0,e3b0c44298fc1c149afbf4c8996fb92427ae41e4649b934ca495991b7852b855,55,1,0,0,1,0,0,0,0
runtime/cgo/gcc_linux_amd64.c,c5de05b31c9083060908613c908efc8a5517872a1fabba01540d266661728ec3,O2,0,e3b0c44298fc1c149afbf4c8996fb92427ae41e4649b934ca495991b7852b855,55,1,0,0,1,0,0,0,0
runtime/cgo/gcc_linux_arm64.c,a6d84201c5a26fddea3f4c7a910c9392d3f18b5dc6972088b3796c8cd5a1a2b2,O0,0,e3b0c44298fc1c149afbf4c8996fb92427ae41e4649b934ca495991b7852b855,79,0,0,0,0,0,0,0,0
runtime/cgo/gcc_linux_arm64.c,a6d84201c5a26fddea3f4c7a910c9392d3f18b5dc6972088b3796c8cd5a1a2b2,O1,0,e3b0c44298fc1c149afbf4c8996fb92427ae41e4649b934ca495991b7852b855,55,1,0,0,1,0,0,0,0
runtime/cgo/gcc_linux_arm64.c,a6d84201c5a26fddea3f4c7a910c9392d3f18b5dc6972088b3796c8cd5a1a2b2,O2,0,e3b0c44298fc1c149afbf4c8996fb92427ae41e4649b934ca495991b7852b855,55,1,0,0,1,0,0,0,0
runtime/cgo/gcc_linux_s390x.c,f2d1be7642e2d034ee3f32125e9ebcf8e0844ff2e261df2e4e716dcad083ca08,O0,0,e3b0c44298fc1c149afbf4c8996fb92427ae41e4649b934ca495991b7852b855,58,0,0,0,0,0,0,0,0
runtime/cgo/gcc_linux_s390x.c,f2d1be7642e2d034ee3f32125e9ebcf8e0844ff2e261df2e4e716dcad083ca08,O1,0,e3b0c44298fc1c149afbf4c8996fb92427ae41e4649b934ca495991b7852b855,42,1,0,0,1,0,0,0,0
runtime/cgo/gcc_linux_s390x.c,f2d1be7642e2d034ee3f32125e9ebcf8e0844ff2e261df2e4e716dcad083ca08,O2,0,e3b0c44298fc1c149afbf4c8996fb92427ae41e4649b934ca495991b7852b855,42,1,0,0,1,0,0,0,0
runtime/cgo/gcc_mmap.c,d8ece6e6a4385bf0449ab50c51887946e39c49bd6d43b3a5f3757a7546c73c96,O0,0,e3b0c44298fc1c149afbf4c8996fb92427ae41e4649b934ca495991b7852b855,52,0,0,0,0,0,0,0,0
runtime/cgo/gcc_mmap.c,d8ece6e6a4385bf0449ab50c51887946e39c49bd6d43b3a5f3757a7546c73c96,O1,0,e3b0c44298fc1c149afbf4c8996fb92427ae41e4649b934ca495991b7852b855,18,0,0,0,0,0,0,0,0
runtime/cgo/gcc_mmap.c,d8ece6e6a4385bf0449ab50c51887946e39c49bd6d43b3a5f3757a7546c73c96,O2,0,e3b0c44298fc1c149afbf4c8996fb92427ae41e4649b934ca495991b7852b855,18,0,0,0,0,0,0,0,0
runtime/cgo/gcc_netbsd.c,f952d3dd21d40c10f61058bba98945c25626b69359fe549059c05e8ea523c907,O0,0,e3b0c44298fc1c149afbf4c8996fb92427ae41e4649b934ca495991b7852b855,58,0,0,0,0,0,0,0,0
runtime/cgo/gcc_netbsd.c,f952d3dd21d40c10f61058bba98945c25626b69359fe549059c05e8ea523c907,O1,0,e3b0c44298fc1c149afbf4c8996fb92427ae41e4649b934ca495991b7852b855,48,1,0,0,1,0,0,0,0
runtime/cgo/gcc_netbsd.c,f952d3dd21d40c10f61058bba98945c25626b69359fe549059c05e8ea523c907,O2,0,e3b0c44298fc1c149afbf4c8996fb92427ae41e4649b934ca495991b7852b855,48,1,0,0,1,0,0,0,0
runtime/cgo/gcc_openbsd.c,49c546cf4fb24d0206839c9a364a4880b3984962c848ca0ad6f3b2b7044ce5a4,O0,0,e3b0c44298fc1c149afbf4c8996fb92427ae41e4649b934ca495991b7852b855,53,0,0,0,0,0,0,0,0
runtime/cgo/gcc_openbsd.c,49c546cf4fb24d0206839c9a364a4880b3984962c848ca0ad6f3b2b7044ce5a4,O1,0,e3b0c44298fc1c149afbf4c8996fb92427ae41e4649b934ca495991b7852b855,41,1,0,0,1,0,0,0,0
runtime/cgo/gcc_openbsd.c,49c546cf4fb24d0206839c9a364a4880b3984962c848ca0ad6f3b2b7044ce5a4,O2,0,e3b0c44298fc1c149afbf4c8996fb92427ae41e4649b934ca495991b7852b855,41,1,0,0,1,0,0,0,0
runtime/cgo/gcc_ppc64x.c,7cb635277ef33c54762fcb429cec60d55bd787c0baabbe9a6596adecb9b01ce3,O0,0,e3b0c44298fc1c149afbf4c8996fb92427ae41e4649b934ca495991b7852b855,58,0,0,0,0,0,0,0,0
runtime/cgo/gcc_ppc64x.c,7cb635277ef33c54762fcb429cec60d55bd787c0baabbe9a6596adecb9b01ce3,O1,0,e3b0c44298fc1c149afbf4c8996fb92427ae41e4649b934ca495991b7852b855,42,1,0,0,1,0,0,0,0
runtime/cgo/gcc_ppc64x.c,7cb635277ef33c54762fcb429cec60d55bd787c0baabbe9a6596adecb9b01ce3,O2,0,e3b0c44298fc1c149afbf4c8996fb92427ae41e4649b934ca495991b7852b855,42,1,0,0,1,0,0,0,0
runtime/cgo/gcc_setenv.c,120a9a088f87be81a95270eff8dc431fc112a1d1b803c72176c469379eb0f96f,O0,0,e3b0c44298fc1c149afbf4c8996fb92427ae41e4649b934ca495991b7852b855,17,0,0,0,0,0,0,0,0
runtime/cgo/gcc_setenv.c,120a9a088f87be81a95270eff8dc431fc112a1d1b803c72176c469379eb0f96f,O1,0,e3b0c44298fc1c149afbf4c8996fb92427ae41e4649b934ca495991b7852b855,8,0,0,0,0,0,0,0,0
runtime/cgo/gcc_setenv.c,120a9a088f87be81a95270eff8dc431fc112a1d1b803c72176c469379eb0f96f,O2,0,e3b0c44298fc1c149afbf4c8996fb92427ae41e4649b934ca495991b7852b855,8,0,0,0,0,0,0,0,0
runtime/cgo/gcc_sigaction.c,2feadadb5a4a51c085f661417dc2d9bbf69a90c59b687919dd5fc77a26b81e95,O0,0,e3b0c44298fc1c149afbf4c8996fb92427ae41e4649b934ca495991b7852b855,155,6,0,3,9,5,3,0,1
runtime/cgo/gcc_sigaction.c,2feadadb5a4a51c085f661417dc2d9bbf69a90c59b687919dd5fc77a26b81e95,O1,0,e3b0c44298fc1c149afbf4c8996fb92427ae41e4649b934ca495991b7852b855,76,8,0,3,11,7,4,0,1
runtime/cgo/gcc_sigaction.c,2feadadb5a4a51c085f661417dc2d9bbf69a90c59b687919dd5fc77a26b81e95,O2,0,e3b0c44298fc1c149afbf4c8996fb92427ae41e4649b934ca495991b7852b855,76,8,0,3,11,7,4,0,1
runtime/cgo/gcc_signal2_ios_arm64.c,7d3a365437bdf44ed000dbd837ad495f5f254fc2d7230ca98f7d6b5c5ab09a98,O0,0,e3b0c44298fc1c149afbf4c8996fb92427ae41e4649b934ca495991b7852b855,1,0,0,0,0,0,0,0,0
runtime/cgo/gcc_signal2_ios_arm64.c,7d3a365437bdf44ed000dbd837ad495f5f254fc2d7230ca98f7d6b5c5ab09a98,O1,0,e3b0c44298fc1c149afbf4c8996fb92427ae41e4649b934ca495991b7852b855,1,0,0,0,0,0,0,0,0
runtime/cgo/gcc_signal2_ios_arm64.c,7d3a365437bdf44ed000dbd837ad495f5f254fc2d7230ca98f7d6b5c5ab09a98,O2,0,e3b0c44298fc1c149afbf4c8996fb92427ae41e4649b934ca495991b7852b855,1,0,0,0,0,0,0,0,0
runtime/cgo/gcc_signal_ios_arm64.c,4433d89f8471b3809ba8a7450d2926c8265886a343d343965fbe580659ca9052,O0,1,f9a8f25d98a7a13ba4d6d6b093ae1802c3536562b050f2c2a6a8a35209c534a8,0,0,0,0,0,0,0,0,0
runtime/cgo/gcc_signal_ios_arm64.c,4433d89f8471b3809ba8a7450d2926c8265886a343d343965fbe580659ca9052,O1,1,f9a8f25d98a7a13ba4d6d6b093ae1802c3536562b050f2c2a6a8a35209c534a8,0,0,0,0,0,0,0,0,0
runtime/cgo/gcc_signal_ios_arm64.c,4433d89f8471b3809ba8a7450d2926c8265886a343d343965fbe580659ca9052,O2,1,f9a8f25d98a7a13ba4d6d6b093ae1802c3536562b050f2c2a6a8a35209c534a8,0,0,0,0,0,0,0,0,0
runtime/cgo/gcc_signal_ios_nolldb.c,45b43b2c1b703f46cdf99944a23323ff1bcbc357d555ea3538f525b6b004c12c,O0,0,e3b0c44298fc1c149afbf4c8996fb92427ae41e4649b934ca495991b7852b855,2,0,0,0,0,0,0,0,0
runtime/cgo/gcc_signal_ios_nolldb.c,45b43b2c1b703f46cdf99944a23323ff1bcbc357d555ea3538f525b6b004c12c,O1,0,e3b0c44298fc1c149afbf4c8996fb92427ae41e4649b934ca495991b7852b855,2,0,0,0,0,0,0,0,0
runtime/cgo/gcc_signal_ios_nolldb.c,45b43b2c1b703f46cdf99944a23323ff1bcbc357d555ea3538f525b6b004c12c,O2,0,e3b0c44298fc1c149afbf4c8996fb92427ae41e4649b934ca495991b7852b855,2,0,0,0,0,0,0,0,0
runtime/cgo/gcc_solaris_amd64.c,839262a00bcdd98d7f16cd5903108810d48b0fe6c726c86d2598e33c37fb47cc,O0,0,e3b0c44298fc1c149afbf4c8996fb92427ae41e4649b934ca495991b7852b855,123,1,0,0,1,0,0,0,0
runtime/cgo/gcc_solaris_amd64.c,839262a00bcdd98d7f16cd5903108810d48b0fe6c726c86d2598e33c37fb47cc,O1,0,e3b0c44298fc1c149afbf4c8996fb92427ae41e4649b934ca495991b7852b855,86,7,0,1,8,4,4,0,0
runtime/cgo/gcc_solaris_amd64.c,839262a00bcdd98d7f16cd5903108810d48b0fe6c726c86d2598e33c37fb47cc,O2,0,e3b0c44298fc1c149afbf4c8996fb92427ae41e4649b934ca495991b7852b855,86,7,0,1,8,4,4,0,0
runtime/cgo/gcc_stack_darwin.c,406a0563a17fe501c6bfd5e41841c2d322caa4ab871a5bfe28d61bb36f678ed5,O0,0,e3b0c44298fc1c149afbf4c8996fb92427ae41e4649b934ca495991b7852b855,29,0,0,0,0,0,0,0,0
runtime/cgo/gcc_stack_darwin.c,406a0563a17fe501c6bfd5e41841c2d322caa4ab871a5bfe28d61bb36f678ed5,O1,0,e3b0c44298fc1c149afbf4c8996fb92427ae41e4649b934ca495991b7852b855,10,0,0,0,0,0,0,0,0
runtime/cgo/gcc_stack_darwin.c,406a0563a17fe501c6bfd5e41841c2d322caa4ab871a5bfe28d61bb36f678ed5,O2,0,e3b0c44298fc1c149afbf4c8996fb92427ae41e4649b934ca495991b7852b855,10,0,0,0,0,0,0,0,0
runtime/cgo/gcc_stack_unix.c,7abf64f7312fa88ccb3e17130678747fc21ffc744514c23e900c071d06dabc5d,O0,0,e3b0c44298fc1c149afbf4c8996fb92427ae41e4649b934ca495991b7852b855,23,1,0,0,1,0,0,0,0
runtime/cgo/gcc_stack_unix.c,7abf64f7312fa88ccb3e17130678747fc21ffc744514c23e900c071d06dabc5d,O1,0,e3b0c44298fc1c149afbf4c8996fb92427ae41e4649b934ca495991b7852b855,22,1,0,1,1,0,0,0,0
runtime/cgo/gcc_stack_unix.c,7abf64f7312fa88ccb3e17130678747fc21ffc744514c23e900c071d06dabc5d,O2,0,e3b0c44298fc1c149afbf4c8996fb92427ae41e4649b934ca495991b7852b855,22,1,0,1,1,0,0,0,0
runtime/cgo/gcc_stack_windows.c,9d801831c3beee705cb63081563adfe078f16e93c80c3cf53919a44f4d8e7d06,O0,0,e3b0c44298fc1c149afbf4c8996fb92427ae41e4649b934ca495991b7852b855,3,0,0,0,0,0,0,0,0
runtime/cgo/gcc_stack_windows.c,9d801831c3beee705cb63081563adfe078f16e93c80c3cf53919a44f4d8e7d06,O1,0,e3b0c44298fc1c149afbf4c8996fb92427ae41e4649b934ca495991b7852b855,1,0,0,0,0,0,0,0,0
runtime/cgo/gcc_stack_windows.c,9d801831c3beee705cb63081563adfe078f16e93c80c3cf53919a44f4d8e7d06,O2,0,e3b0c44298fc1c149afbf4c8996fb92427ae41e4649b934ca495991b7852b855,1,0,0,0,0,0,0,0,0
runtime/cgo/gcc_traceback.c,1a51727ac7da836a98eb4987c897a1e1f7c73922c0de1a74b93add8ec0ddece7,O0,0,e3b0c44298fc1c149afbf4c8996fb92427ae41e4649b934ca495991b7852b855,32,0,0,1,1,0,0,0,0
runtime/cgo/gcc_traceback.c,1a51727ac7da836a98eb4987c897a1e1f7c73922c0de1a74b93add8ec0ddece7,O1,0,e3b0c44298fc1c149afbf4c8996fb92427ae41e4649b934ca495991b7852b855,14,0,0,1,1,0,0,0,0
runtime/cgo/gcc_traceback.c,1a51727ac7da836a98eb4987c897a1e1f7c73922c0de1a74b93add8ec0ddece7,O2,0,e3b0c44298fc1c149afbf4c8996fb92427ae41e4649b934ca495991b7852b855,14,0,0,1,1,0,0,0,0
runtime/cgo/gcc_util.c,04d353f36b280597753a7c4a013d4b19b906227775f4ba7b2c54ec297ecfb504,O0,0,e3b0c44298fc1c149afbf4c8996fb92427ae41e4649b934ca495991b7852b855,18,0,0,0,0,0,0,0,0
runtime/cgo/gcc_util.c,04d353f36b280597753a7c4a013d4b19b906227775f4ba7b2c54ec297ecfb504,O1,0,e3b0c44298fc1c149afbf4c8996fb92427ae41e4649b934ca495991b7852b855,13,0,0,0,0,0,0,0,0
runtime/cgo/gcc_util.c,04d353f36b280597753a7c4a013d4b19b906227775f4ba7b2c54ec297ecfb504,O2,0,e3b0c44298fc1c149afbf4c8996fb92427ae41e4649b934ca495991b7852b855,13,0,0,0,0,0,0,0,0
runtime/cgo/gcc_windows_386.c,f148858e61a6312b17d131151a8978faccf71ed5a68d721c7af4c64e8d6c75df,O0,1,af216003370128cdef02ba2de1995a2c247193002eaf3c071241ba786da5e657,0,0,0,0,0,0,0,0,0
runtime/cgo/gcc_windows_386.c,f148858e61a6312b17d131151a8978faccf71ed5a68d721c7af4c64e8d6c75df,O1,1,af216003370128cdef02ba2de1995a2c247193002eaf3c071241ba786da5e657,0,0,0,0,0,0,0,0,0
runtime/cgo/gcc_windows_386.c,f148858e61a6312b17d131151a8978faccf71ed5a68d721c7af4c64e8d6c75df,O2,1,af216003370128cdef02ba2de1995a2c247193002eaf3c071241ba786da5e657,0,0,0,0,0,0,0,0,0
runtime/cgo/gcc_windows_amd64.c,aab420ac071dff89cd7e1f551c310700d33834b4fbcb3cd15ae3d71ab610ad9a,O0,1,c35c67be364d9a0c5140867709b9fdd5cec65fbfe1c8171a7696dc5c56c724bd,0,0,0,0,0,0,0,0,0
runtime/cgo/gcc_windows_amd64.c,aab420ac071dff89cd7e1f551c310700d33834b4fbcb3cd15ae3d71ab610ad9a,O1,1,c35c67be364d9a0c5140867709b9fdd5cec65fbfe1c8171a7696dc5c56c724bd,0,0,0,0,0,0,0,0,0
runtime/cgo/gcc_windows_amd64.c,aab420ac071dff89cd7e1f551c310700d33834b4fbcb3cd15ae3d71ab610ad9a,O2,1,c35c67be364d9a0c5140867709b9fdd5cec65fbfe1c8171a7696dc5c56c724bd,0,0,0,0,0,0,0,0,0
runtime/cgo/gcc_windows_arm64.c,5a8259d5bfabb3c6b35d6dc83fb8721f807bc73e0431933ea6cfbd58293d3d87,O0,1,272d64a16fd5e686f8ef5f908dff19651febdb1cb333757c5e25a1329902f6a9,0,0,0,0,0,0,0,0,0
runtime/cgo/gcc_windows_arm64.c,5a8259d5bfabb3c6b35d6dc83fb8721f807bc73e0431933ea6cfbd58293d3d87,O1,1,272d64a16fd5e686f8ef5f908dff19651febdb1cb333757c5e25a1329902f6a9,0,0,0,0,0,0,0,0,0
runtime/cgo/gcc_windows_arm64.c,5a8259d5bfabb3c6b35d6dc83fb8721f807bc73e0431933ea6cfbd58293d3d87,O2,1,272d64a16fd5e686f8ef5f908dff19651febdb1cb333757c5e25a1329902f6a9,0,0,0,0,0,0,0,0,0
runtime/cgo/linux_syscall.c,fb53e53bc37d5ba8f8df641e4f6e0abd705e3eae7815ccc87f55911d20c36133,O0,0,e3b0c44298fc1c149afbf4c8996fb92427ae41e4649b934ca495991b7852b855,293,9,0,0,9,5,5,0,0
runtime/cgo/linux_syscall.c,fb53e53bc37d5ba8f8df641e4f6e0abd705e3eae7815ccc87f55911d20c36133,O1,0,e3b0c44298fc1c149afbf4c8996fb92427ae41e4649b934ca495991b7852b855,146,9,0,15,24,19,5,0,11
runtime/cgo/linux_syscall.c,fb53e53bc37d5ba8f8df641e4f6e0abd705e3eae7815ccc87f55911d20c36133,O2,0,e3b0c44298fc1c149afbf4c8996fb92427ae41e4649b934ca495991b7852b855,146,9,0,15,24,19,5,0,11
runtime/testdata/testprogcgo/aprof_c.c,4876b147dfe0849b604740a771126504816e52910612a3f9626dc81405de27bc,O0,1,337001a5bf8e919dd625d0d638ab612a52953b50c95267655eb42ce77964a86d,0,0,0,0,0,0,0,0,0
runtime/testdata/testprogcgo/aprof_c.c,4876b147dfe0849b604740a771126504816e52910612a3f9626dc81405de27bc,O1,1,337001a5bf8e919dd625d0d638ab612a52953b50c95267655eb42ce77964a86d,0,0,0,0,0,0,0,0,0
runtime/testdata/testprogcgo/aprof_c.c,4876b147dfe0849b604740a771126504816e52910612a3f9626dc81405de27bc,O2,1,337001a5bf8e919dd625d0d638ab612a52953b50c95267655eb42ce77964a86d,0,0,0,0,0,0,0,0,0
runtime/testdata/testprogcgo/bigstack1_windows.c,41c849a0fbdb2a9f35d4bc78b54fe76d15b16b29b3fc716012c4d85008a5a64c,O0,1,57642a8d120d3b8434b73a5a6ee28f516e4a154cd15e08fe5ce78bb5da3aa8fc,0,0,0,0,0,0,0,0,0
runtime/testdata/testprogcgo/bigstack1_windows.c,41c849a0fbdb2a9f35d4bc78b54fe76d15b16b29b3fc716012c4d85008a5a64c,O1,1,57642a8d120d3b8434b73a5a6ee28f516e4a154cd15e08fe5ce78bb5da3aa8fc,0,0,0,0,0,0,0,0,0
runtime/testdata/testprogcgo/bigstack1_windows.c,41c849a0fbdb2a9f35d4bc78b54fe76d15b16b29b3fc716012c4d85008a5a64c,O2,1,57642a8d120d3b8434b73a5a6ee28f516e4a154cd15e08fe5ce78bb5da3aa8fc,0,0,0,0,0,0,0,0,0
runtime/testdata/testprogcgo/bigstack_windows.c,afe025afadf11bd48b967fe9405520296e04c98a5773a0b0095349ecad889b46,O0,1,7c58d056d7122af1de5685df74a2e76f6eae5989c05fb7504cd08456d584534f,0,0,0,0,0,0,0,0,0
runtime/testdata/testprogcgo/bigstack_windows.c,afe025afadf11bd48b967fe9405520296e04c98a5773a0b0095349ecad889b46,O1,1,7c58d056d7122af1de5685df74a2e76f6eae5989c05fb7504cd08456d584534f,0,0,0,0,0,0,0,0,0
runtime/testdata/testprogcgo/bigstack_windows.c,afe025afadf11bd48b967fe9405520296e04c98a5773a0b0095349ecad889b46,O2,1,7c58d056d7122af1de5685df74a2e76f6eae5989c05fb7504cd08456d584534f,0,0,0,0,0,0,0,0,0
runtime/testdata/testprogcgo/bindm.c,904093a37c7fc6932e3933246a98f2fedac90565e05691f885368f82d5dc4ab5,O0,1,a1870d91ed4dff5ca6ab3877a58fa6d6c119ef0c6e0052ea73ca1437c915bb81,0,0,0,0,0,0,0,0,0
runtime/testdata/testprogcgo/bindm.c,904093a37c7fc6932e3933246a98f2fedac90565e05691f885368f82d5dc4ab5,O1,1,a1870d91ed4dff5ca6ab3877a58fa6d6c119ef0c6e0052ea73ca1437c915bb81,0,0,0,0,0,0,0,0,0
runtime/testdata/testprogcgo/bindm.c,904093a37c7fc6932e3933246a98f2fedac90565e05691f885368f82d5dc4ab5,O2,1,a1870d91ed4dff5ca6ab3877a58fa6d6c119ef0c6e0052ea73ca1437c915bb81,0,0,0,0,0,0,0,0,0
runtime/testdata/testprogcgo/cgonocallback.c,763d9a56eaf604b10895f3a4a6ef0e93b6bfa269def33f2bba4511638db923d7,O0,1,37d1e77ca7a70bf69d3e85634d5a763f657e0cdacbae8f20efbb35f948e57d73,0,0,0,0,0,0,0,0,0
runtime/testdata/testprogcgo/cgonocallback.c,763d9a56eaf604b10895f3a4a6ef0e93b6bfa269def33f2bba4511638db923d7,O1,1,37d1e77ca7a70bf69d3e85634d5a763f657e0cdacbae8f20efbb35f948e57d73,0,0,0,0,0,0,0,0,0
runtime/testdata/testprogcgo/cgonocallback.c,763d9a56eaf604b10895f3a4a6ef0e93b6bfa269def33f2bba4511638db923d7,O2,1,37d1e77ca7a70bf69d3e85634d5a763f657e0cdacbae8f20efbb35f948e57d73,0,0,0,0,0,0,0,0,0
runtime/testdata/testprogcgo/destructor.c,3380aff1e3c05962df711d6990b186df7658f88a7049576fc7c8e2c287be412c,O0,1,21a86f663e9468da7ad5c187a0973b196b1f3310eb0115456888cb4e540e9e3c,0,0,0,0,0,0,0,0,0
runtime/testdata/testprogcgo/destructor.c,3380aff1e3c05962df711d6990b186df7658f88a7049576fc7c8e2c287be412c,O1,1,21a86f663e9468da7ad5c187a0973b196b1f3310eb0115456888cb4e540e9e3c,0,0,0,0,0,0,0,0,0
runtime/testdata/testprogcgo/destructor.c,3380aff1e3c05962df711d6990b186df7658f88a7049576fc7c8e2c287be412c,O2,1,21a86f663e9468da7ad5c187a0973b196b1f3310eb0115456888cb4e540e9e3c,0,0,0,0,0,0,0,0,0
runtime/testdata/testprogcgo/gprof_c.c,a0b3061fed5d345885a5ba68c70548afcae89bb13154632796c603b66dbaca26,O0,0,e3b0c44298fc1c149afbf4c8996fb92427ae41e4649b934ca495991b7852b855,22,1,0,0,1,0,0,0,0
runtime/testdata/testprogcgo/gprof_c.c,a0b3061fed5d345885a5ba68c70548afcae89bb13154632796c603b66dbaca26,O1,0,e3b0c44298fc1c149afbf4c8996fb92427ae41e4649b934ca495991b7852b855,18,1,0,0,1,0,0,0,0
runtime/testdata/testprogcgo/gprof_c.c,a0b3061fed5d345885a5ba68c70548afcae89bb13154632796c603b66dbaca26,O2,0,e3b0c44298fc1c149afbf4c8996fb92427ae41e4649b934ca495991b7852b855,18,1,0,0,1,0,0,0,0
runtime/testdata/testprogcgo/lockosthread.c,fad677ee1f247c3c55eecf9ef6d0924acb683d935f4a7cbc6c8f70b18bebf9f1,O0,0,e3b0c44298fc1c149afbf4c8996fb92427ae41e4649b934ca495991b7852b855,4,0,0,0,0,0,0,0,0
runtime/testdata/testprogcgo/lockosthread.c,fad677ee1f247c3c55eecf9ef6d0924acb683d935f4a7cbc6c8f70b18bebf9f1,O1,0,e3b0c44298fc1c149afbf4c8996fb92427ae41e4649b934ca495991b7852b855,2,0,0,0,0,0,0,0,0
runtime/testdata/testprogcgo/lockosthread.c,fad677ee1f247c3c55eecf9ef6d0924acb683d935f4a7cbc6c8f70b18bebf9f1,O2,0,e3b0c44298fc1c149afbf4c8996fb92427ae41e4649b934ca495991b7852b855,2,0,0,0,0,0,0,0,0
runtime/testdata/testprogcgo/panic.c,706eadd9ad2ab1349dd44dcf4d194a05111f6419ba115e8eb054ce293ed62e0d,O0,0,e3b0c44298fc1c149afbf4c8996fb92427ae41e4649b934ca495991b7852b855,2,0,0,0,0,0,0,0,0
runtime/testdata/testprogcgo/panic.c,706eadd9ad2ab1349dd44dcf4d194a05111f6419ba115e8eb054ce293ed62e0d,O1,0,e3b0c44298fc1c149afbf4c8996fb92427ae41e4649b934ca495991b7852b855,2,0,0,0,0,0,0,0,0
runtime/testdata/testprogcgo/panic.c,706eadd9ad2ab1349dd44dcf4d194a05111f6419ba115e8eb054ce293ed62e0d,O2,0,e3b0c44298fc1c149afbf4c8996fb92427ae41e4649b934ca495991b7852b855,2,0,0,0,0,0,0,0,0
runtime/testdata/testprogcgo/stackswitch.c,e57107de4cdb787c258526f4bd15c7fea0f925e6324234043f5990a428944849,O0,0,e3b0c44298fc1c149afbf4c8996fb92427ae41e4649b934ca495991b7852b855,117,10,0,0,10,6,6,0,0
runtime/testdata/testprogcgo/stackswitch.c,e57107de4cdb787c258526f4bd15c7fea0f925e6324234043f5990a428944849,O1,0,e3b0c44298fc1c149afbf4c8996fb92427ae41e4649b934ca495991b7852b855,124,10,0,0,10,6,6,0,0
runtime/testdata/testprogcgo/stackswitch.c,e57107de4cdb787c258526f4bd15c7fea0f925e6324234043f5990a428944849,O2,0,e3b0c44298fc1c149afbf4c8996fb92427ae41e4649b934ca495991b7852b855,124,10,0,0,10,6,6,0,0
runtime/testdata/testprogcgo/threadpanic_unix.c,098971627d5dbb80cea1f39d12eb01ddd1799afa692110b847742101b9ea749f,O0,0,e3b0c44298fc1c149afbf4c8996fb92427ae41e4649b934ca495991b7852b855,11,0,0,0,0,0,0,0,0
runtime/testdata/testprogcgo/threadpanic_unix.c,098971627d5dbb80cea1f39d12eb01ddd1799afa692110b847742101b9ea749f,O1,0,e3b0c44298fc1c149afbf4c8996fb92427ae41e4649b934ca495991b7852b855,11,1,0,0,1,0,0,0,0
runtime/testdata/testprogcgo/threadpanic_unix.c,098971627d5dbb80cea1f39d12eb01ddd1799afa692110b847742101b9ea749f,O2,0,e3b0c44298fc1c149afbf4c8996fb92427ae41e4649b934ca495991b7852b855,11,1,0,0,1,0,0,0,0
runtime/testdata/testprogcgo/threadpanic_windows.c,ecd24740557d89d2169e8adc6f583d23557eed01d666a64bf08e63639b8c6a51,O0,1,b461a6f1f42e7dc55fff6b1cd5d54af7891391af40fb1c2b2d0ee8cdde05f274,0,0,0,0,0,0,0,0,0
runtime/testdata/testprogcgo/threadpanic_windows.c,ecd24740557d89d2169e8adc6f583d23557eed01d666a64bf08e63639b8c6a51,O1,1,b461a6f1f42e7dc55fff6b1cd5d54af7891391af40fb1c2b2d0ee8cdde05f274,0,0,0,0,0,0,0,0,0
runtime/testdata/testprogcgo/threadpanic_windows.c,ecd24740557d89d2169e8adc6f583d23557eed01d666a64bf08e63639b8c6a51,O2,1,b461a6f1f42e7dc55fff6b1cd5d54af7891391af40fb1c2b2d0ee8cdde05f274,0,0,0,0,0,0,0,0,0
runtime/testdata/testprogcgo/trace_unix.c,f8456dc82d7221d9ade1ebc3372310acf99767b97c2f89c4b75ccbd6b3e9f833,O0,0,e3b0c44298fc1c149afbf4c8996fb92427ae41e4649b934ca495991b7852b855,20,2,0,0,2,0,0,0,0
runtime/testdata/testprogcgo/trace_unix.c,f8456dc82d7221d9ade1ebc3372310acf99767b97c2f89c4b75ccbd6b3e9f833,O1,0,e3b0c44298fc1c149afbf4c8996fb92427ae41e4649b934ca495991b7852b855,24,2,0,0,2,0,0,0,0
runtime/testdata/testprogcgo/trace_unix.c,f8456dc82d7221d9ade1ebc3372310acf99767b97c2f89c4b75ccbd6b3e9f833,O2,0,e3b0c44298fc1c149afbf4c8996fb92427ae41e4649b934ca495991b7852b855,24,2,0,0,2,0,0,0,0
runtime/testdata/testprogcgo/trace_windows.c,beb84a1659ccf34f1ec45d4dc6cda112a9aaeb5b2a58d274e3c6a3f5811b7639,O0,1,9a82bf2bf1e72b0b07c9a9cb690ff518f6e4a1edfa2a63408817cc6123b89150,0,0,0,0,0,0,0,0,0
runtime/testdata/testprogcgo/trace_windows.c,beb84a1659ccf34f1ec45d4dc6cda112a9aaeb5b2a58d274e3c6a3f5811b7639,O1,1,9a82bf2bf1e72b0b07c9a9cb690ff518f6e4a1edfa2a63408817cc6123b89150,0,0,0,0,0,0,0,0,0
runtime/testdata/testprogcgo/trace_windows.c,beb84a1659ccf34f1ec45d4dc6cda112a9aaeb5b2a58d274e3c6a3f5811b7639,O2,1,9a82bf2bf1e72b0b07c9a9cb690ff518f6e4a1edfa2a63408817cc6123b89150,0,0,0,0,0,0,0,0,0
runtime/testdata/testprogcgo/traceback_c.c,6f3861ceab4252a8341199f6105b956559e893a0262f037693b903643d965d69,O0,0,e3b0c44298fc1c149afbf4c8996fb92427ae41e4649b934ca495991b7852b855,74,3,0,0,3,1,1,0,0
runtime/testdata/testprogcgo/traceback_c.c,6f3861ceab4252a8341199f6105b956559e893a0262f037693b903643d965d69,O1,0,e3b0c44298fc1c149afbf4c8996fb92427ae41e4649b934ca495991b7852b855,49,5,0,2,6,3,2,0,0
runtime/testdata/testprogcgo/traceback_c.c,6f3861ceab4252a8341199f6105b956559e893a0262f037693b903643d965d69,O2,0,e3b0c44298fc1c149afbf4c8996fb92427ae41e4649b934ca495991b7852b855,49,5,0,1,6,3,2,0,0
runtime/testdata/testprogcgo/tracebackctxt_c.c,fd5f27d3b9de8c7102f6eaded1df2d17a008b2ac6cef336a7932a50545385f35,O0,0,e3b0c44298fc1c149afbf4c8996fb92427ae41e4649b934ca495991b7852b855,156,9,2,0,11,7,5,0,0
runtime/testdata/testprogcgo/tracebackctxt_c.c,fd5f27d3b9de8c7102f6eaded1df2d17a008b2ac6cef336a7932a50545385f35,O1,0,e3b0c44298fc1c149afbf4c8996fb92427ae41e4649b934ca495991b7852b855,81,11,0,5,14,10,7,0,1
runtime/testdata/testprogcgo/tracebackctxt_c.c,fd5f27d3b9de8c7102f6eaded1df2d17a008b2ac6cef336a7932a50545385f35,O2,0,e3b0c44298fc1c149afbf4c8996fb92427ae41e4649b934ca495991b7852b855,80,10,0,5,13,9,6,0,1
runtime/testdata/testwinlib/main.c,7043eedb3e1fd9dd0d887958fb4e560dcfc26d2f258801dc8b63c17ad3cae9c1,O0,1,8420b9c02a65283a4b4d16c790dd78d3ddc1b67754ac2ad8ca6157c4a7c22517,0,0,0,0,0,0,0,0,0
runtime/testdata/testwinlib/main.c,7043eedb3e1fd9dd0d887958fb4e560dcfc26d2f258801dc8b63c17ad3cae9c1,O1,1,8420b9c02a65283a4b4d16c790dd78d3ddc1b67754ac2ad8ca6157c4a7c22517,0,0,0,0,0,0,0,0,0
runtime/testdata/testwinlib/main.c,7043eedb3e1fd9dd0d887958fb4e560dcfc26d2f258801dc8b63c17ad3cae9c1,O2,1,8420b9c02a65283a4b4d16c790dd78d3ddc1b67754ac2ad8ca6157c4a7c22517,0,0,0,0,0,0,0,0,0
runtime/testdata/testwinlibsignal/main.c,3f86052eac437b61fffc38d823c15cb5cbcfcecd01d63d7bfd9fa1e5d194f313,O0,1,b200737a869b847d38974752b8d3c6127b68f8f3b7ca4ed4ab01316c9742ab61,0,0,0,0,0,0,0,0,0
runtime/testdata/testwinlibsignal/main.c,3f86052eac437b61fffc38d823c15cb5cbcfcecd01d63d7bfd9fa1e5d194f313,O1,1,b200737a869b847d38974752b8d3c6127b68f8f3b7ca4ed4ab01316c9742ab61,0,0,0,0,0,0,0,0,0
runtime/testdata/testwinlibsignal/main.c,3f86052eac437b61fffc38d823c15cb5cbcfcecd01d63d7bfd9fa1e5d194f313,O2,1,b200737a869b847d38974752b8d3c6127b68f8f3b7ca4ed4ab01316c9742ab61,0,0,0,0,0,0,0,0,0
runtime/testdata/testwinlibthrow/veh.c,f117fee17cefd02ec2b1b6c3d293032871d8b7e2f8295355a577fd758ad4cf55,O0,1,bc96a1aeec1b1b0069240cacdc234de367c487b82195fac63dfeedfeaa701028,0,0,0,0,0,0,0,0,0
runtime/testdata/testwinlibthrow/veh.c,f117fee17cefd02ec2b1b6c3d293032871d8b7e2f8295355a577fd758ad4cf55,O1,1,bc96a1aeec1b1b0069240cacdc234de367c487b82195fac63dfeedfeaa701028,0,0,0,0,0,0,0,0,0
runtime/testdata/testwinlibthrow/veh.c,f117fee17cefd02ec2b1b6c3d293032871d8b7e2f8295355a577fd758ad4cf55,O2,1,bc96a1aeec1b1b0069240cacdc234de367c487b82195fac63dfeedfeaa701028,0,0,0,0,0,0,0,0,0
runtime/testdata/testwintls/main.c,1198e56469724a85e3bf8f94f7e8f705072e3cc55be79f7997ef02ae7d61c161,O0,1,cfce4b417e2468853e8942bf5570ed42f621dd9bac90386cf5a6dccaf7b429de,0,0,0,0,0,0,0,0,0
runtime/testdata/testwintls/main.c,1198e56469724a85e3bf8f94f7e8f705072e3cc55be79f7997ef02ae7d61c161,O1,1,cfce4b417e2468853e8942bf5570ed42f621dd9bac90386cf5a6dccaf7b429de,0,0,0,0,0,0,0,0,0
runtime/testdata/testwintls/main.c,1198e56469724a85e3bf8f94f7e8f705072e3cc55be79f7997ef02ae7d61c161,O2,1,cfce4b417e2468853e8942bf5570ed42f621dd9bac90386cf5a6dccaf7b429de,0,0,0,0,0,0,0,0,0
vendor/golang.org/x/sys/cpu/cpu_gccgo_x86.c,50585132982aa1dda61a887bb62f468a1a843cf1993d59a4b0fe6ca2e8a5c8f7,O0,0,e3b0c44298fc1c149afbf4c8996fb92427ae41e4649b934ca495991b7852b855,111,1,0,6,5,2,0,0,1
vendor/golang.org/x/sys/cpu/cpu_gccgo_x86.c,50585132982aa1dda61a887bb62f468a1a843cf1993d59a4b0fe6ca2e8a5c8f7,O1,0,e3b0c44298fc1c149afbf4c8996fb92427ae41e4649b934ca495991b7852b855,26,1,0,4,3,1,0,0,1
vendor/golang.org/x/sys/cpu/cpu_gccgo_x86.c,50585132982aa1dda61a887bb62f468a1a843cf1993d59a4b0fe6ca2e8a5c8f7,O2,0,e3b0c44298fc1c149afbf4c8996fb92427ae41e4649b934ca495991b7852b855,26,1,0,4,3,1,0,0,1
